"Nexomon Name","Nexomon Type","Nexomon thumbnail image url","Nexomon Page Url","Nexomon Number (1 - 427)"
"Cloddy","Normal","![Cloddy-menu](https://static.wikia.nocookie.net/nexomon/images/0/0e/Cloddy-menu.png/revision/latest/scale-to-width-down/60?cb=20231115203446)","https://nexomon.fandom.com/wiki/Cloddy%20%22Cloddy%22","1"
"Cubdy","Normal","![Cubdy-menu](https://static.wikia.nocookie.net/nexomon/images/d/d6/Cubdy-menu.png/revision/latest/scale-to-width-down/60?cb=20231115190229)","https://nexomon.fandom.com/wiki/Cubdy%20%22Cubdy%22","2"
"Lukuma","Normal","![Lukuma-menu](https://static.wikia.nocookie.net/nexomon/images/a/ae/Lukuma-menu.png/revision/latest/scale-to-width-down/60?cb=20231115203511)","https://nexomon.fandom.com/wiki/Lukuma%20%22Lukuma%22","3"
"Kolphur","Fire","![Kolphur-menu](https://static.wikia.nocookie.net/nexomon/images/8/83/Kolphur-menu.png/revision/latest/scale-to-width-down/60?cb=20231115203738)","https://nexomon.fandom.com/wiki/Kolphur%20%22Kolphur%22","4"
"Sulphlo","Fire","![Sulphlo-menu](https://static.wikia.nocookie.net/nexomon/images/6/64/Sulphlo-menu.png/revision/latest/scale-to-width-down/60?cb=20231115204041)","https://nexomon.fandom.com/wiki/Sulphlo%20%22Sulphlo%22","5"
"Moltano","Fire","![Moltano-menu](https://static.wikia.nocookie.net/nexomon/images/6/6d/Moltano-menu.png/revision/latest/scale-to-width-down/60?cb=20231115204535)","https://nexomon.fandom.com/wiki/Moltano%20%22Moltano%22","6"
"Bloopish","Water","![Bloopish-menu](https://static.wikia.nocookie.net/nexomon/images/e/ec/Bloopish-menu.png/revision/latest/scale-to-width-down/60?cb=20231115204628)","https://nexomon.fandom.com/wiki/Bloopish%20%22Bloopish%22","7"
"Glimoory","Water","![Glimoory-menu](https://static.wikia.nocookie.net/nexomon/images/5/5b/Glimoory-menu.png/revision/latest/scale-to-width-down/60?cb=20231115215611)","https://nexomon.fandom.com/wiki/Glimoory%20%22Glimoory%22","8"
"Glamoory","Water","![Glamoory-menu](https://static.wikia.nocookie.net/nexomon/images/3/3c/Glamoory-menu.png/revision/latest/scale-to-width-down/60?cb=20231115215845)","https://nexomon.fandom.com/wiki/Glamoory%20%22Glamoory%22","9"
"Spikus","Plant","![Spikus-menu](https://static.wikia.nocookie.net/nexomon/images/c/ca/Spikus-menu.png/revision/latest/scale-to-width-down/60?cb=20231115220007)","https://nexomon.fandom.com/wiki/Spikus%20%22Spikus%22","10"
"Spikarm","Plant","![Spikarm-menu](https://static.wikia.nocookie.net/nexomon/images/e/e4/Spikarm-menu.png/revision/latest/scale-to-width-down/60?cb=20231115220135)","https://nexomon.fandom.com/wiki/Spikarm%20%22Spikarm%22","11"
"Thornox","Plant","![Thornox-menu](https://static.wikia.nocookie.net/nexomon/images/c/cf/Thornox-menu.png/revision/latest/scale-to-width-down/60?cb=20231115220300)","https://nexomon.fandom.com/wiki/Thornox%20%22Thornox%22","12"
"Pebglem","Mineral","![Pebglem-menu](https://static.wikia.nocookie.net/nexomon/images/e/ed/Pebglem-menu.png/revision/latest/scale-to-width-down/60?cb=20231115220802)","https://nexomon.fandom.com/wiki/Pebglem%20%22Pebglem%22","13"
"Gemock","Mineral","![Gemock-menu](https://static.wikia.nocookie.net/nexomon/images/6/6c/Gemock-menu.png/revision/latest/scale-to-width-down/60?cb=20231115221019)","https://nexomon.fandom.com/wiki/Gemock%20%22Gemock%22","14"
"Gemaxar","Mineral","![Gemaxar-menu](https://static.wikia.nocookie.net/nexomon/images/7/7c/Gemaxar-menu.png/revision/latest/scale-to-width-down/60?cb=20231115221631)","https://nexomon.fandom.com/wiki/Gemaxar%20%22Gemaxar%22","15"
"Heliwurm","Wind","![Heliwurm-menu](https://static.wikia.nocookie.net/nexomon/images/1/17/Heliwurm-menu.png/revision/latest/scale-to-width-down/60?cb=20231115221748)","https://nexomon.fandom.com/wiki/Heliwurm%20%22Heliwurm%22","16"
"Helipa","Wind","![Helipa-menu](https://static.wikia.nocookie.net/nexomon/images/b/b9/Helipa-menu.png/revision/latest/scale-to-width-down/60?cb=20231115221855)","https://nexomon.fandom.com/wiki/Helipa%20%22Helipa%22","17"
"Heliventus","Wind","![Heliventus-menu](https://static.wikia.nocookie.net/nexomon/images/b/b8/Heliventus-menu.png/revision/latest/scale-to-width-down/60?cb=20231115222036)","https://nexomon.fandom.com/wiki/Heliventus%20%22Heliventus%22","18"
"Zumble","Electric","![Zumble-menu](https://static.wikia.nocookie.net/nexomon/images/d/d9/Zumble-menu.png/revision/latest/scale-to-width-down/60?cb=20231115222133)","https://nexomon.fandom.com/wiki/Zumble%20%22Zumble%22","19"
"Zasp","Electric","![Zasp-menu](https://static.wikia.nocookie.net/nexomon/images/0/04/Zasp-menu.png/revision/latest/scale-to-width-down/60?cb=20231115222243)","https://nexomon.fandom.com/wiki/Zasp%20%22Zasp%22","20"
"Zappnic","Electric","![Zappnic-menu](https://static.wikia.nocookie.net/nexomon/images/8/8b/Zappnic-menu.png/revision/latest/scale-to-width-down/60?cb=20231115222500)","https://nexomon.fandom.com/wiki/Zappnic%20%22Zappnic%22","21"
"Branipus","Psychic","![Branipus-menu](https://static.wikia.nocookie.net/nexomon/images/c/c4/Branipus-menu.png/revision/latest/scale-to-width-down/60?cb=20231115222637)","https://nexomon.fandom.com/wiki/Branipus%20%22Branipus%22","22"
"Cerebrius","Psychic","![Cerebrius-menu](https://static.wikia.nocookie.net/nexomon/images/0/0c/Cerebrius-menu.png/revision/latest/scale-to-width-down/60?cb=20231115223007)","https://nexomon.fandom.com/wiki/Cerebrius%20%22Cerebrius%22","23"
"Octollect","Psychic","![Octollect-menu](https://static.wikia.nocookie.net/nexomon/images/1/13/Octollect-menu.png/revision/latest/scale-to-width-down/60?cb=20231115223231)","https://nexomon.fandom.com/wiki/Octollect%20%22Octollect%22","24"
"Skerdi","Ghost","![Skerdi-menu](https://static.wikia.nocookie.net/nexomon/images/0/05/Skerdi-menu.png/revision/latest/scale-to-width-down/60?cb=20231115223459)","https://nexomon.fandom.com/wiki/Skerdi%20%22Skerdi%22","25"
"Aferaid","Ghost","![Aferaid-menu](https://static.wikia.nocookie.net/nexomon/images/1/17/Aferaid-menu.png/revision/latest/scale-to-width-down/60?cb=20231115223612)","https://nexomon.fandom.com/wiki/Aferaid%20%22Aferaid%22","26"
"Dreddiful","Ghost","![Dreddiful-menu](https://static.wikia.nocookie.net/nexomon/images/3/30/Dreddiful-menu.png/revision/latest/scale-to-width-down/60?cb=20231115223723)","https://nexomon.fandom.com/wiki/Dreddiful%20%22Dreddiful%22","27"
"Griff","Normal","![Griff-menu](https://static.wikia.nocookie.net/nexomon/images/3/3c/Griff-menu.png/revision/latest/scale-to-width-down/60?cb=20231115223829)","https://nexomon.fandom.com/wiki/Griff%20%22Griff%22","28"
"Griffgar","Normal","![Griffgar-menu](https://static.wikia.nocookie.net/nexomon/images/c/cc/Griffgar-menu.png/revision/latest/scale-to-width-down/60?cb=20231115223958)","https://nexomon.fandom.com/wiki/Griffgar%20%22Griffgar%22","29"
"Lioness","Normal","![Lioness-menu](https://static.wikia.nocookie.net/nexomon/images/9/97/Lioness-menu.png/revision/latest/scale-to-width-down/60?cb=20231115224141)","https://nexomon.fandom.com/wiki/Lioness%20%22Lioness%22","30"
"Flizard","Fire","![Flizard-menu](https://static.wikia.nocookie.net/nexomon/images/6/61/Flizard-menu.png/revision/latest/scale-to-width-down/60?cb=20231115224241)","https://nexomon.fandom.com/wiki/Flizard%20%22Flizard%22","31"
"Stinger","Fire","![Stinger-menu](https://static.wikia.nocookie.net/nexomon/images/3/34/Stinger-menu.png/revision/latest/scale-to-width-down/60?cb=20231115224339)","https://nexomon.fandom.com/wiki/Stinger%20%22Stinger%22","32"
"Moonsting","Fire","![Moonsting-menu](https://static.wikia.nocookie.net/nexomon/images/5/5a/Moonsting-menu.png/revision/latest/scale-to-width-down/60?cb=20231115224445)","https://nexomon.fandom.com/wiki/Moonsting%20%22Moonsting%22","33"
"Sunknight","Fire","![Sunknight-menu](https://static.wikia.nocookie.net/nexomon/images/3/3e/Sunknight-menu.png/revision/latest/scale-to-width-down/60?cb=20231115224704)","https://nexomon.fandom.com/wiki/Sunknight%20%22Sunknight%22","34"
"Faucefant","Water","![Faucefant-menu](https://static.wikia.nocookie.net/nexomon/images/4/44/Faucefant-menu.png/revision/latest/scale-to-width-down/60?cb=20231115224940)","https://nexomon.fandom.com/wiki/Faucefant%20%22Faucefant%22","35"
"Draniphant","Water","![Draniphant-menu](https://static.wikia.nocookie.net/nexomon/images/5/50/Draniphant-menu.png/revision/latest/scale-to-width-down/60?cb=20231115225254)","https://nexomon.fandom.com/wiki/Draniphant%20%22Draniphant%22","36"
"Tuskant","Water","![Tuskant-menu](https://static.wikia.nocookie.net/nexomon/images/2/2b/Tuskant-menu.png/revision/latest/scale-to-width-down/60?cb=20231115231023)","https://nexomon.fandom.com/wiki/Tuskant%20%22Tuskant%22","37"
"Shromporo","Plant","![Shromporo-menu](https://static.wikia.nocookie.net/nexomon/images/5/58/Shromporo-menu.png/revision/latest/scale-to-width-down/60?cb=20231115231152)","https://nexomon.fandom.com/wiki/Shromporo%20%22Shromporo%22","38"
"Shrombrela","Plant","![Shrombrela-menu](https://static.wikia.nocookie.net/nexomon/images/0/0a/Shrombrela-menu.png/revision/latest/scale-to-width-down/60?cb=20231116072003)","https://nexomon.fandom.com/wiki/Shrombrela%20%22Shrombrela%22","39"
"Shromboff","Plant","![Shromboff-menu](https://static.wikia.nocookie.net/nexomon/images/2/26/Shromboff-menu.png/revision/latest/scale-to-width-down/60?cb=20231116072136)","https://nexomon.fandom.com/wiki/Shromboff%20%22Shromboff%22","40"
"Fortle","Mineral","![Fortle-menu](https://static.wikia.nocookie.net/nexomon/images/b/bf/Fortle-menu.png/revision/latest/scale-to-width-down/60?cb=20231116072900)","https://nexomon.fandom.com/wiki/Fortle%20%22Fortle%22","41"
"Fortoise","Mineral","![Fortoise-menu](https://static.wikia.nocookie.net/nexomon/images/6/6c/Fortoise-menu.png/revision/latest/scale-to-width-down/60?cb=20231116073104)","https://nexomon.fandom.com/wiki/Fortoise%20%22Fortoise%22","42"
"Fortank","Mineral","![Fortank-menu](https://static.wikia.nocookie.net/nexomon/images/7/75/Fortank-menu.png/revision/latest/scale-to-width-down/60?cb=20231116073318)","https://nexomon.fandom.com/wiki/Fortank%20%22Fortank%22","43"
"Larkito","Wind","![Larkito-menu](https://static.wikia.nocookie.net/nexomon/images/1/19/Larkito-menu.png/revision/latest/scale-to-width-down/60?cb=20231116073528)","https://nexomon.fandom.com/wiki/Larkito%20%22Larkito%22","44"
"Moska","Wind","![Moska-menu](https://static.wikia.nocookie.net/nexomon/images/c/c5/Moska-menu.png/revision/latest/scale-to-width-down/60?cb=20231116074318)","https://nexomon.fandom.com/wiki/Moska%20%22Moska%22","45"
"Sakka","Wind","![Sakka-menu](https://static.wikia.nocookie.net/nexomon/images/3/33/Sakka-menu.png/revision/latest/scale-to-width-down/60?cb=20231116074603)","https://nexomon.fandom.com/wiki/Sakka%20%22Sakka%22","46"
"Chibbit","Electric","![Chibbit-menu](https://static.wikia.nocookie.net/nexomon/images/4/4e/Chibbit-menu.png/revision/latest/scale-to-width-down/60?cb=20231116074828)","https://nexomon.fandom.com/wiki/Chibbit%20%22Chibbit%22","47"
"Xotor","Electric","![Xotor-menu](https://static.wikia.nocookie.net/nexomon/images/e/e4/Xotor-menu.png/revision/latest/scale-to-width-down/60?cb=20231116101428)","https://nexomon.fandom.com/wiki/Xotor%20%22Xotor%22","48"
"Odiborg","Electric","![Odiborg-menu](https://static.wikia.nocookie.net/nexomon/images/b/b3/Odiborg-menu.png/revision/latest/scale-to-width-down/60?cb=20231116101707)","https://nexomon.fandom.com/wiki/Odiborg%20%22Odiborg%22","49"
"Dreaver","Psychic","![Dreaver-menu](https://static.wikia.nocookie.net/nexomon/images/3/3d/Dreaver-menu.png/revision/latest/scale-to-width-down/60?cb=20231116102641)","https://nexomon.fandom.com/wiki/Dreaver%20%22Dreaver%22","50"
"Dredmore","Psychic","![Dredmore-menu](https://static.wikia.nocookie.net/nexomon/images/d/d7/Dredmore-menu.png/revision/latest/scale-to-width-down/60?cb=20231116102900)","https://nexomon.fandom.com/wiki/Dredmore%20%22Dredmore%22","51"
"Dredrone","Psychic","![Dredrone-menu](https://static.wikia.nocookie.net/nexomon/images/b/b1/Dredrone-menu.png/revision/latest/scale-to-width-down/60?cb=20231116104126)","https://nexomon.fandom.com/wiki/Dredrone%20%22Dredrone%22","52"
"Ghouze","Ghost","![Ghouze-menu](https://static.wikia.nocookie.net/nexomon/images/b/b0/Ghouze-menu.png/revision/latest/scale-to-width-down/60?cb=20231116104427)","https://nexomon.fandom.com/wiki/Ghouze%20%22Ghouze%22","53"
"Mazecter","Ghost","![Mazecter-menu](https://static.wikia.nocookie.net/nexomon/images/8/8e/Mazecter-menu.png/revision/latest/scale-to-width-down/60?cb=20231116105258)","https://nexomon.fandom.com/wiki/Mazecter%20%22Mazecter%22","54"
"Taipluff","Normal","![Taipluff-menu](https://static.wikia.nocookie.net/nexomon/images/9/97/Taipluff-menu.png/revision/latest/scale-to-width-down/60?cb=20231116105541)","https://nexomon.fandom.com/wiki/Taipluff%20%22Taipluff%22","55"
"Fistuff","Normal","![Fistuff-menu](https://static.wikia.nocookie.net/nexomon/images/6/6f/Fistuff-menu.png/revision/latest/scale-to-width-down/60?cb=20231116110715)","https://nexomon.fandom.com/wiki/Fistuff%20%22Fistuff%22","56"
"Ninstuff","Normal","![Ninstuff-menu](https://static.wikia.nocookie.net/nexomon/images/d/d6/Ninstuff-menu.png/revision/latest/scale-to-width-down/60?cb=20231116111003)","https://nexomon.fandom.com/wiki/Ninstuff%20%22Ninstuff%22","57"
"Keromb","Fire","![Keromb-menu](https://static.wikia.nocookie.net/nexomon/images/4/4a/Keromb-menu.png/revision/latest/scale-to-width-down/60?cb=20231116111257)","https://nexomon.fandom.com/wiki/Keromb%20%22Keromb%22","58"
"Kerosion","Fire","![Kerosion-menu](https://static.wikia.nocookie.net/nexomon/images/6/68/Kerosion-menu.png/revision/latest/scale-to-width-down/60?cb=20231116111702)","https://nexomon.fandom.com/wiki/Kerosion%20%22Kerosion%22","59"
"Snaibble","Water","![Snaibble-menu](https://static.wikia.nocookie.net/nexomon/images/2/27/Snaibble-menu.png/revision/latest/scale-to-width-down/60?cb=20231116112422)","https://nexomon.fandom.com/wiki/Snaibble%20%22Snaibble%22","60"
"Snaiflow","Water","![Snaiflow-menu](https://static.wikia.nocookie.net/nexomon/images/2/20/Snaiflow-menu.png/revision/latest/scale-to-width-down/60?cb=20231116113141)","https://nexomon.fandom.com/wiki/Snaiflow%20%22Snaiflow%22","61"
"Snaijet","Water","![Snaijet-menu](https://static.wikia.nocookie.net/nexomon/images/0/00/Snaijet-menu.png/revision/latest/scale-to-width-down/60?cb=20231116113428)","https://nexomon.fandom.com/wiki/Snaijet%20%22Snaijet%22","62"
"Onin","Plant","![Onin-menu](https://static.wikia.nocookie.net/nexomon/images/7/70/Onin-menu.png/revision/latest/scale-to-width-down/60?cb=20231116113740)","https://nexomon.fandom.com/wiki/Onin%20%22Onin%22","63"
"Peltry","Plant","![Peltry-menu](https://static.wikia.nocookie.net/nexomon/images/7/72/Peltry-menu.png/revision/latest/scale-to-width-down/60?cb=20231116114803)","https://nexomon.fandom.com/wiki/Peltry%20%22Peltry%22","64"
"Bouldion","Mineral","![Bouldion-menu](https://static.wikia.nocookie.net/nexomon/images/6/6a/Bouldion-menu.png/revision/latest/scale-to-width-down/60?cb=20231116115416)","https://nexomon.fandom.com/wiki/Bouldion%20%22Bouldion%22","65"
"Bouldcran","Mineral","![Bouldcran-menu](https://static.wikia.nocookie.net/nexomon/images/2/2d/Bouldcran-menu.png/revision/latest/scale-to-width-down/60?cb=20231116115834)","https://nexomon.fandom.com/wiki/Bouldcran%20%22Bouldcran%22","66"
"Baloompa","Wind","![Baloompa-menu](https://static.wikia.nocookie.net/nexomon/images/4/42/Baloompa-menu.png/revision/latest/scale-to-width-down/60?cb=20231116120504)","https://nexomon.fandom.com/wiki/Baloompa%20%22Baloompa%22","67"
"Blimpapa","Wind","![Blimpapa-menu](https://static.wikia.nocookie.net/nexomon/images/2/27/Blimpapa-menu.png/revision/latest/scale-to-width-down/60?cb=20231116120757)","https://nexomon.fandom.com/wiki/Blimpapa%20%22Blimpapa%22","68"
"Bulbrit","Electric","![Bulbrit-menu](https://static.wikia.nocookie.net/nexomon/images/c/c0/Bulbrit-menu.png/revision/latest/scale-to-width-down/60?cb=20231116120952)","https://nexomon.fandom.com/wiki/Bulbrit%20%22Bulbrit%22","69"
"Cromeon","Electric","![Cromeon-menu](https://static.wikia.nocookie.net/nexomon/images/6/60/Cromeon-menu.png/revision/latest/scale-to-width-down/60?cb=20231116121349)","https://nexomon.fandom.com/wiki/Cromeon%20%22Cromeon%22","70"
"Virox","Psychic","![Virox-menu](https://static.wikia.nocookie.net/nexomon/images/e/ef/Virox-menu.png/revision/latest/scale-to-width-down/60?cb=20231116121854)","https://nexomon.fandom.com/wiki/Virox%20%22Virox%22","71"
"Bactoul","Psychic","![Bactoul-menu](https://static.wikia.nocookie.net/nexomon/images/d/d0/Bactoul-menu.png/revision/latest/scale-to-width-down/60?cb=20231116122214)","https://nexomon.fandom.com/wiki/Bactoul%20%22Bactoul%22","72"
"Cranillow","Ghost","![Cranillow-menu](https://static.wikia.nocookie.net/nexomon/images/d/d2/Cranillow-menu.png/revision/latest/scale-to-width-down/60?cb=20231116122703)","https://nexomon.fandom.com/wiki/Cranillow%20%22Cranillow%22","73"
"Swactrum","Ghost","![Swactrum-menu](https://static.wikia.nocookie.net/nexomon/images/5/59/Swactrum-menu.png/revision/latest/scale-to-width-down/60?cb=20231116123032)","https://nexomon.fandom.com/wiki/Swactrum%20%22Swactrum%22","74"
"Rubby","Normal","![Rubby-menu](https://static.wikia.nocookie.net/nexomon/images/5/51/Rubby-menu.png/revision/latest/scale-to-width-down/60?cb=20231116123316)","https://nexomon.fandom.com/wiki/Rubby%20%22Rubby%22","75"
"Runk","Normal","![Runk-menu](https://static.wikia.nocookie.net/nexomon/images/a/ab/Runk-menu.png/revision/latest/scale-to-width-down/60?cb=20231116124256)","https://nexomon.fandom.com/wiki/Runk%20%22Runk%22","76"
"Deember","Fire","![Deember-menu](https://static.wikia.nocookie.net/nexomon/images/a/a3/Deember-menu.png/revision/latest/scale-to-width-down/60?cb=20231116124443)","https://nexomon.fandom.com/wiki/Deember%20%22Deember%22","77"
"Deebuz","Fire","![Deebuz-menu](https://static.wikia.nocookie.net/nexomon/images/9/9f/Deebuz-menu.png/revision/latest/scale-to-width-down/60?cb=20231116124713)","https://nexomon.fandom.com/wiki/Deebuz%20%22Deebuz%22","78"
"Antlorm","Fire","![Antlorm-menu](https://static.wikia.nocookie.net/nexomon/images/b/bf/Antlorm-menu.png/revision/latest/scale-to-width-down/60?cb=20231116124943)","https://nexomon.fandom.com/wiki/Antlorm%20%22Antlorm%22","79"
"Varawirl","Water","![Varawirl-menu](https://static.wikia.nocookie.net/nexomon/images/0/0a/Varawirl-menu.png/revision/latest/scale-to-width-down/60?cb=20231116125251)","https://nexomon.fandom.com/wiki/Varawirl%20%22Varawirl%22","80"
"Ploriol","Plant","![Ploriol-menu](https://static.wikia.nocookie.net/nexomon/images/b/b1/Ploriol-menu.png/revision/latest/scale-to-width-down/60?cb=20231116125609)","https://nexomon.fandom.com/wiki/Ploriol%20%22Ploriol%22","81"
"Bomriol","Plant","![Bomriol-menu](https://static.wikia.nocookie.net/nexomon/images/e/ef/Bomriol-menu.png/revision/latest/scale-to-width-down/60?cb=20231116130011)","https://nexomon.fandom.com/wiki/Bomriol%20%22Bomriol%22","82"
"Bloomriol","Plant","![Bloomriol-menu](https://static.wikia.nocookie.net/nexomon/images/4/41/Bloomriol-menu.png/revision/latest/scale-to-width-down/60?cb=20231116130341)","https://nexomon.fandom.com/wiki/Bloomriol%20%22Bloomriol%22","83"
"Shardrine","Mineral","![Shardrine-menu](https://static.wikia.nocookie.net/nexomon/images/1/1e/Shardrine-menu.png/revision/latest/scale-to-width-down/60?cb=20231116130556)","https://nexomon.fandom.com/wiki/Shardrine%20%22Shardrine%22","84"
"Shardrillion","Mineral","![Shardrillion-menu](https://static.wikia.nocookie.net/nexomon/images/2/29/Shardrillion-menu.png/revision/latest/scale-to-width-down/60?cb=20231116131358)","https://nexomon.fandom.com/wiki/Shardrillion%20%22Shardrillion%22","85"
"Sounse","Wind","![Sounse-menu](https://static.wikia.nocookie.net/nexomon/images/8/84/Sounse-menu.png/revision/latest/scale-to-width-down/60?cb=20231116132520)","https://nexomon.fandom.com/wiki/Sounse%20%22Sounse%22","86"
"Mound","Wind","![Mound-menu](https://static.wikia.nocookie.net/nexomon/images/e/ec/Mound-menu.png/revision/latest/scale-to-width-down/60?cb=20231116133306)","https://nexomon.fandom.com/wiki/Mound%20%22Mound%22","87"
"Scaratic","Electric","![Scaratic-menu](https://static.wikia.nocookie.net/nexomon/images/c/c1/Scaratic-menu.png/revision/latest/scale-to-width-down/60?cb=20231116133521)","https://nexomon.fandom.com/wiki/Scaratic%20%22Scaratic%22","88"
"Enercer","Electric","![Enercer-menu](https://static.wikia.nocookie.net/nexomon/images/5/5b/Enercer-menu.png/revision/latest/scale-to-width-down/60?cb=20231116134406)","https://nexomon.fandom.com/wiki/Enercer%20%22Enercer%22","89"
"Medlass","Psychic","![Medlass-menu](https://static.wikia.nocookie.net/nexomon/images/8/8b/Medlass-menu.png/revision/latest/scale-to-width-down/60?cb=20231116134801)","https://nexomon.fandom.com/wiki/Medlass%20%22Medlass%22","90"
"Madamusa","Psychic","![Madamusa-menu](https://static.wikia.nocookie.net/nexomon/images/f/f8/Madamusa-menu.png/revision/latest/scale-to-width-down/60?cb=20231116135415)","https://nexomon.fandom.com/wiki/Madamusa%20%22Madamusa%22","91"
"Brumtler","Ghost","![Brumtler-menu](https://static.wikia.nocookie.net/nexomon/images/e/ea/Brumtler-menu.png/revision/latest/scale-to-width-down/60?cb=20231116140321)","https://nexomon.fandom.com/wiki/Brumtler%20%22Brumtler%22","92"
"Brumenie","Ghost","![Brumenie-menu](https://static.wikia.nocookie.net/nexomon/images/0/0a/Brumenie-menu.png/revision/latest/scale-to-width-down/60?cb=20231116140620)","https://nexomon.fandom.com/wiki/Brumenie%20%22Brumenie%22","93"
"Moga","Normal","![Moga-menu](https://static.wikia.nocookie.net/nexomon/images/e/e2/Moga-menu.png/revision/latest/scale-to-width-down/60?cb=20231116141034)","https://nexomon.fandom.com/wiki/Moga%20%22Moga%22","94"
"Monkapow","Normal","![Monkapow (Extinction)-menu](https://static.wikia.nocookie.net/nexomon/images/a/a5/Monkapow_%28Extinction%29-menu.png/revision/latest/scale-to-width-down/60?cb=20231116142932)","https://nexomon.fandom.com/wiki/Monkapow_(Extinction)","95"
"Scalder","Water","![Scalder-menu](https://static.wikia.nocookie.net/nexomon/images/d/d8/Scalder-menu.png/revision/latest/scale-to-width-down/60?cb=20231116143249)","https://nexomon.fandom.com/wiki/Scalder%20%22Scalder%22","96"
"Scailla","Water","![Scailla-menu](https://static.wikia.nocookie.net/nexomon/images/0/02/Scailla-menu.png/revision/latest/scale-to-width-down/60?cb=20231116150118)","https://nexomon.fandom.com/wiki/Scailla%20%22Scailla%22","97"
"Bushnome","Plant","![Bushnome-menu](https://static.wikia.nocookie.net/nexomon/images/a/ad/Bushnome-menu.png/revision/latest/scale-to-width-down/60?cb=20231116150428)","https://nexomon.fandom.com/wiki/Bushnome%20%22Bushnome%22","98"
"Rappub","Psychic","![Rappub-menu](https://static.wikia.nocookie.net/nexomon/images/c/c9/Rappub-menu.png/revision/latest/scale-to-width-down/60?cb=20231116150758)","https://nexomon.fandom.com/wiki/Rappub%20%22Rappub%22","99"
"Caninui","Psychic","![Caninui-menu](https://static.wikia.nocookie.net/nexomon/images/b/b7/Caninui-menu.png/revision/latest/scale-to-width-down/60?cb=20231116151448)","https://nexomon.fandom.com/wiki/Caninui%20%22Caninui%22","100"
"Candly","Normal","![Candly-menu](https://static.wikia.nocookie.net/nexomon/images/d/d6/Candly-menu.png/revision/latest/scale-to-width-down/60?cb=20231116151656)","https://nexomon.fandom.com/wiki/Candly%20%22Candly%22","101"
"Porklet","Fire","![Porklet-menu](https://static.wikia.nocookie.net/nexomon/images/b/b7/Porklet-menu.png/revision/latest/scale-to-width-down/60?cb=20231116151945)","https://nexomon.fandom.com/wiki/Porklet%20%22Porklet%22","102"
"Hoglet","Fire","![Hoglet-menu](https://static.wikia.nocookie.net/nexomon/images/e/ec/Hoglet-menu.png/revision/latest/scale-to-width-down/60?cb=20231116152447)","https://nexomon.fandom.com/wiki/Hoglet%20%22Hoglet%22","103"
"Barboraco","Fire","![Barboraco-menu](https://static.wikia.nocookie.net/nexomon/images/6/63/Barboraco-menu.png/revision/latest/scale-to-width-down/60?cb=20231116152721)","https://nexomon.fandom.com/wiki/Barboraco%20%22Barboraco%22","104"
"Kawsnow","Water","![Kawsnow-menu](https://static.wikia.nocookie.net/nexomon/images/a/af/Kawsnow-menu.png/revision/latest/scale-to-width-down/60?cb=20231116153010)","https://nexomon.fandom.com/wiki/Kawsnow%20%22Kawsnow%22","105"
"Harectic","Water","![Harectic-menu](https://static.wikia.nocookie.net/nexomon/images/3/3c/Harectic-menu.png/revision/latest/scale-to-width-down/60?cb=20231116153250)","https://nexomon.fandom.com/wiki/Harectic%20%22Harectic%22","106"
"Seedko","Plant","![Seedko-menu](https://static.wikia.nocookie.net/nexomon/images/7/7c/Seedko-menu.png/revision/latest/scale-to-width-down/60?cb=20231116153521)","https://nexomon.fandom.com/wiki/Seedko%20%22Seedko%22","107"
"Seedkorsky","Plant","![Seedkorsky-menu](https://static.wikia.nocookie.net/nexomon/images/1/11/Seedkorsky-menu.png/revision/latest/scale-to-width-down/60?cb=20231116154457)","https://nexomon.fandom.com/wiki/Seedkorsky%20%22Seedkorsky%22","108"
"Pont","Mineral","![Pont-menu](https://static.wikia.nocookie.net/nexomon/images/3/34/Pont-menu.png/revision/latest/scale-to-width-down/60?cb=20231116154906)","https://nexomon.fandom.com/wiki/Pont%20%22Pont%22","109"
"Stalagca","Mineral","![Stalagca-menu](https://static.wikia.nocookie.net/nexomon/images/d/d3/Stalagca-menu.png/revision/latest/scale-to-width-down/60?cb=20231116155524)","https://nexomon.fandom.com/wiki/Stalagca%20%22Stalagca%22","110"
"Hinazuru","Wind","![Hinazuru-menu](https://static.wikia.nocookie.net/nexomon/images/e/e8/Hinazuru-menu.png/revision/latest/scale-to-width-down/60?cb=20231116155806)","https://nexomon.fandom.com/wiki/Hinazuru%20%22Hinazuru%22","111"
"Nakazuru","Wind","![Nakazuru-menu](https://static.wikia.nocookie.net/nexomon/images/4/4b/Nakazuru-menu.png/revision/latest/scale-to-width-down/60?cb=20231116160135)","https://nexomon.fandom.com/wiki/Nakazuru%20%22Nakazuru%22","112"
"Senshizuru","Wind","![Senshizuru-menu](https://static.wikia.nocookie.net/nexomon/images/1/1e/Senshizuru-menu.png/revision/latest/scale-to-width-down/60?cb=20231116160558)","https://nexomon.fandom.com/wiki/Senshizuru%20%22Senshizuru%22","113"
"Eqo","Electric","![Eqo-menu](https://static.wikia.nocookie.net/nexomon/images/e/ee/Eqo-menu.png/revision/latest/scale-to-width-down/60?cb=20231116160802)","https://nexomon.fandom.com/wiki/Eqo%20%22Eqo%22","114"
"Soniqo","Electric","![Soniqo-menu](https://static.wikia.nocookie.net/nexomon/images/e/e1/Soniqo-menu.png/revision/latest/scale-to-width-down/60?cb=20231116161335)","https://nexomon.fandom.com/wiki/Soniqo%20%22Soniqo%22","115"
"Eqoloptera","Electric","![Eqoloptera-menu](https://static.wikia.nocookie.net/nexomon/images/0/03/Eqoloptera-menu.png/revision/latest/scale-to-width-down/60?cb=20231116161608)","https://nexomon.fandom.com/wiki/Eqoloptera%20%22Eqoloptera%22","116"
"Sectoc","Psychic","![Sectoc-menu](https://static.wikia.nocookie.net/nexomon/images/f/fc/Sectoc-menu.png/revision/latest/scale-to-width-down/60?cb=20231116161805)","https://nexomon.fandom.com/wiki/Sectoc%20%22Sectoc%22","117"
"Minet","Psychic","![Minet-menu](https://static.wikia.nocookie.net/nexomon/images/7/71/Minet-menu.png/revision/latest/scale-to-width-down/60?cb=20231116162040)","https://nexomon.fandom.com/wiki/Minet%20%22Minet%22","118"
"Orologikus","Psychic","![Orologikus-menu](https://static.wikia.nocookie.net/nexomon/images/5/5f/Orologikus-menu.png/revision/latest/scale-to-width-down/60?cb=20231116162342)","https://nexomon.fandom.com/wiki/Orologikus%20%22Orologikus%22","119"
"Folicurse","Ghost","![Folicurse-menu](https://static.wikia.nocookie.net/nexomon/images/9/99/Folicurse-menu.png/revision/latest/scale-to-width-down/60?cb=20231116162725)","https://nexomon.fandom.com/wiki/Folicurse%20%22Folicurse%22","120"
"Malitress","Ghost","![Malitress-menu](https://static.wikia.nocookie.net/nexomon/images/6/65/Malitress-menu.png/revision/latest/scale-to-width-down/60?cb=20231116163130)","https://nexomon.fandom.com/wiki/Malitress%20%22Malitress%22","121"
"Poyal","Normal","![Poyal-menu](https://static.wikia.nocookie.net/nexomon/images/a/a5/Poyal-menu.png/revision/latest/scale-to-width-down/60?cb=20231116163337)","https://nexomon.fandom.com/wiki/Poyal%20%22Poyal%22","122"
"Puggard","Normal","![Puggard-menu](https://static.wikia.nocookie.net/nexomon/images/f/f4/Puggard-menu.png/revision/latest/scale-to-width-down/60?cb=20231116163752)","https://nexomon.fandom.com/wiki/Puggard%20%22Puggard%22","123"
"Brauncer","Normal","![Brauncer-menu](https://static.wikia.nocookie.net/nexomon/images/9/90/Brauncer-menu.png/revision/latest/scale-to-width-down/60?cb=20231116164009)","https://nexomon.fandom.com/wiki/Brauncer%20%22Brauncer%22","124"
"Chowser","Fire","![Chowser-menu](https://static.wikia.nocookie.net/nexomon/images/3/3f/Chowser-menu.png/revision/latest/scale-to-width-down/60?cb=20231116164406)","https://nexomon.fandom.com/wiki/Chowser%20%22Chowser%22","125"
"Cuisizle","Fire","![Cuisizle-menu](https://static.wikia.nocookie.net/nexomon/images/7/76/Cuisizle-menu.png/revision/latest/scale-to-width-down/60?cb=20231116164745)","https://nexomon.fandom.com/wiki/Cuisizle%20%22Cuisizle%22","126"
"Jeloon","Water","![Jeloon-menu](https://static.wikia.nocookie.net/nexomon/images/7/72/Jeloon-menu.png/revision/latest/scale-to-width-down/60?cb=20231116165032)","https://nexomon.fandom.com/wiki/Jeloon%20%22Jeloon%22","127"
"Jeliflo","Water","![Jeliflo-menu](https://static.wikia.nocookie.net/nexomon/images/7/77/Jeliflo-menu.png/revision/latest/scale-to-width-down/60?cb=20231116165446)","https://nexomon.fandom.com/wiki/Jeliflo%20%22Jeliflo%22","128"
"Jeliflux","Water","![Jeliflux-menu](https://static.wikia.nocookie.net/nexomon/images/1/13/Jeliflux-menu.png/revision/latest/scale-to-width-down/60?cb=20231116165750)","https://nexomon.fandom.com/wiki/Jeliflux%20%22Jeliflux%22","129"
"Snush","Plant","![Snush-menu](https://static.wikia.nocookie.net/nexomon/images/c/c9/Snush-menu.png/revision/latest/scale-to-width-down/60?cb=20231116170011)","https://nexomon.fandom.com/wiki/Snush%20%22Snush%22","130"
"Shloom","Plant","![Shloom-menu](https://static.wikia.nocookie.net/nexomon/images/0/08/Shloom-menu.png/revision/latest/scale-to-width-down/60?cb=20231116170244)","https://nexomon.fandom.com/wiki/Shloom%20%22Shloom%22","131"
"Swamplow","Plant","![Swamplow-menu](https://static.wikia.nocookie.net/nexomon/images/e/e5/Swamplow-menu.png/revision/latest/scale-to-width-down/60?cb=20231116170426)","https://nexomon.fandom.com/wiki/Swamplow%20%22Swamplow%22","132"
"Durtacles","Mineral","![Durtacles-menu](https://static.wikia.nocookie.net/nexomon/images/a/a4/Durtacles-menu.png/revision/latest/scale-to-width-down/60?cb=20231116170632)","https://nexomon.fandom.com/wiki/Durtacles%20%22Durtacles%22","133"
"Roclas","Mineral","![Roclas-menu](https://static.wikia.nocookie.net/nexomon/images/2/23/Roclas-menu.png/revision/latest/scale-to-width-down/60?cb=20231116171617)","https://nexomon.fandom.com/wiki/Roclas%20%22Roclas%22","134"
"Fanling","Wind","![Fanling-menu](https://static.wikia.nocookie.net/nexomon/images/4/41/Fanling-menu.png/revision/latest/scale-to-width-down/60?cb=20231116171856)","https://nexomon.fandom.com/wiki/Fanling%20%22Fanling%22","135"
"Fandiose","Wind","![Fandiose-menu](https://static.wikia.nocookie.net/nexomon/images/4/4e/Fandiose-menu.png/revision/latest/scale-to-width-down/60?cb=20231116172317)","https://nexomon.fandom.com/wiki/Fandiose%20%22Fandiose%22","136"
"Fainglori","Wind","![Fainglori-menu](https://static.wikia.nocookie.net/nexomon/images/7/72/Fainglori-menu.png/revision/latest/scale-to-width-down/60?cb=20231116172525)","https://nexomon.fandom.com/wiki/Fainglori%20%22Fainglori%22","137"
"Scooptor","Electric","![Scooptor-menu](https://static.wikia.nocookie.net/nexomon/images/9/91/Scooptor-menu.png/revision/latest/scale-to-width-down/60?cb=20231116172746)","https://nexomon.fandom.com/wiki/Scooptor%20%22Scooptor%22","138"
"Excravator","Electric","![Excravator-menu](https://static.wikia.nocookie.net/nexomon/images/e/e3/Excravator-menu.png/revision/latest/scale-to-width-down/60?cb=20231116183724)","https://nexomon.fandom.com/wiki/Excravator%20%22Excravator%22","139"
"Minetor","Electric","![Minetor-menu](https://static.wikia.nocookie.net/nexomon/images/6/6e/Minetor-menu.png/revision/latest/scale-to-width-down/60?cb=20231116184158)","https://nexomon.fandom.com/wiki/Minetor%20%22Minetor%22","140"
"Tundri","Psychic","![Tundri-menu](https://static.wikia.nocookie.net/nexomon/images/1/1d/Tundri-menu.png/revision/latest/scale-to-width-down/60?cb=20231116184427)","https://nexomon.fandom.com/wiki/Tundri%20%22Tundri%22","141"
"Tundrox","Psychic","![Tundrox-menu](https://static.wikia.nocookie.net/nexomon/images/b/b8/Tundrox-menu.png/revision/latest/scale-to-width-down/60?cb=20231116184801)","https://nexomon.fandom.com/wiki/Tundrox%20%22Tundrox%22","142"
"Prankrow","Ghost","![Prankrow-menu](https://static.wikia.nocookie.net/nexomon/images/9/96/Prankrow-menu.png/revision/latest/scale-to-width-down/60?cb=20231116185050)","https://nexomon.fandom.com/wiki/Prankrow%20%22Prankrow%22","143"
"Kromicide","Ghost","![Kromicide-menu](https://static.wikia.nocookie.net/nexomon/images/d/d4/Kromicide-menu.png/revision/latest/scale-to-width-down/60?cb=20231116185814)","https://nexomon.fandom.com/wiki/Kromicide%20%22Kromicide%22","144"
"Calfter","Normal","![Calfter-menu](https://static.wikia.nocookie.net/nexomon/images/0/06/Calfter-menu.png/revision/latest/scale-to-width-down/60?cb=20231116190052)","https://nexomon.fandom.com/wiki/Calfter%20%22Calfter%22","145"
"Calplex","Normal","![Calplex-menu](https://static.wikia.nocookie.net/nexomon/images/c/c5/Calplex-menu.png/revision/latest/scale-to-width-down/60?cb=20231116190442)","https://nexomon.fandom.com/wiki/Calplex%20%22Calplex%22","146"
"Bullogan","Normal","![Bullogan-menu](https://static.wikia.nocookie.net/nexomon/images/5/51/Bullogan-menu.png/revision/latest/scale-to-width-down/60?cb=20231116190742)","https://nexomon.fandom.com/wiki/Bullogan%20%22Bullogan%22","147"
"Blit","Fire","![Blit-menu](https://static.wikia.nocookie.net/nexomon/images/5/51/Blit-menu.png/revision/latest/scale-to-width-down/60?cb=20231116191251)","https://nexomon.fandom.com/wiki/Blit%20%22Blit%22","148"
"Glontern","Fire","![Glontern-menu](https://static.wikia.nocookie.net/nexomon/images/d/d2/Glontern-menu.png/revision/latest/scale-to-width-down/60?cb=20231116191905)","https://nexomon.fandom.com/wiki/Glontern%20%22Glontern%22","149"
"Lamparos","Fire","![Lamparos-menu](https://static.wikia.nocookie.net/nexomon/images/d/dc/Lamparos-menu.png/revision/latest/scale-to-width-down/60?cb=20231116193340)","https://nexomon.fandom.com/wiki/Lamparos%20%22Lamparos%22","150"
"Blublub","Water","![Blublub-menu](https://static.wikia.nocookie.net/nexomon/images/3/3e/Blublub-menu.png/revision/latest/scale-to-width-down/60?cb=20231116193906)","https://nexomon.fandom.com/wiki/Blublub%20%22Blublub%22","151"
"Globlob","Water","![Globlob-menu](https://static.wikia.nocookie.net/nexomon/images/9/9a/Globlob-menu.png/revision/latest/scale-to-width-down/60?cb=20231116194249)","https://nexomon.fandom.com/wiki/Globlob%20%22Globlob%22","152"
"Stalkee","Plant","![Stalkee-menu](https://static.wikia.nocookie.net/nexomon/images/7/7e/Stalkee-menu.png/revision/latest/scale-to-width-down/60?cb=20231116194747)","https://nexomon.fandom.com/wiki/Stalkee%20%22Stalkee%22","153"
"Mantoo","Plant","![Mantoo-menu](https://static.wikia.nocookie.net/nexomon/images/4/43/Mantoo-menu.png/revision/latest/scale-to-width-down/60?cb=20231116195040)","https://nexomon.fandom.com/wiki/Mantoo%20%22Mantoo%22","154"
"Mantrass","Plant","![Mantrass-menu](https://static.wikia.nocookie.net/nexomon/images/c/c1/Mantrass-menu.png/revision/latest/scale-to-width-down/60?cb=20231116195324)","https://nexomon.fandom.com/wiki/Mantrass%20%22Mantrass%22","155"
"Rust","Mineral","![Rust-menu](https://static.wikia.nocookie.net/nexomon/images/a/a9/Rust-menu.png/revision/latest/scale-to-width-down/60?cb=20231116195521)","https://nexomon.fandom.com/wiki/Rust%20%22Rust%22","156"
"Rustu","Mineral","![Rustu-menu](https://static.wikia.nocookie.net/nexomon/images/b/b4/Rustu-menu.png/revision/latest/scale-to-width-down/60?cb=20231116195946)","https://nexomon.fandom.com/wiki/Rustu%20%22Rustu%22","157"
"Rustung","Mineral","![Rustung-menu](https://static.wikia.nocookie.net/nexomon/images/4/41/Rustung-menu.png/revision/latest/scale-to-width-down/60?cb=20231116200151)","https://nexomon.fandom.com/wiki/Rustung%20%22Rustung%22","158"
"Leechy","Wind","![Leechy-menu](https://static.wikia.nocookie.net/nexomon/images/c/c0/Leechy-menu.png/revision/latest/scale-to-width-down/60?cb=20231116200524)","https://nexomon.fandom.com/wiki/Leechy%20%22Leechy%22","159"
"Dracly","Wind","![Dracly-menu](https://static.wikia.nocookie.net/nexomon/images/f/f7/Dracly-menu.png/revision/latest/scale-to-width-down/60?cb=20231116200843)","https://nexomon.fandom.com/wiki/Dracly%20%22Dracly%22","160"
"Chirrent","Electric","![Chirrent-menu](https://static.wikia.nocookie.net/nexomon/images/b/b4/Chirrent-menu.png/revision/latest/scale-to-width-down/60?cb=20231116201059)","https://nexomon.fandom.com/wiki/Chirrent%20%22Chirrent%22","161"
"Ostrolt","Electric","![Ostrolt-menu](https://static.wikia.nocookie.net/nexomon/images/4/4d/Ostrolt-menu.png/revision/latest/scale-to-width-down/60?cb=20231116201620)","https://nexomon.fandom.com/wiki/Ostrolt%20%22Ostrolt%22","162"
"Gomarm","Psychic","![Gomarm-menu](https://static.wikia.nocookie.net/nexomon/images/3/33/Gomarm-menu.png/revision/latest/scale-to-width-down/60?cb=20231116202055)","https://nexomon.fandom.com/wiki/Gomarm%20%22Gomarm%22","163"
"Guazharm","Psychic","![Guazharm-menu](https://static.wikia.nocookie.net/nexomon/images/9/97/Guazharm-menu.png/revision/latest/scale-to-width-down/60?cb=20231116202650)","https://nexomon.fandom.com/wiki/Guazharm%20%22Guazharm%22","164"
"Vodo","Ghost","![Vodo-menu](https://static.wikia.nocookie.net/nexomon/images/9/93/Vodo-menu.png/revision/latest/scale-to-width-down/60?cb=20231116203031)","https://nexomon.fandom.com/wiki/Vodo%20%22Vodo%22","165"
"Malevodo","Ghost","![Malevodo-menu](https://static.wikia.nocookie.net/nexomon/images/d/d6/Malevodo-menu.png/revision/latest/scale-to-width-down/60?cb=20231116203445)","https://nexomon.fandom.com/wiki/Malevodo%20%22Malevodo%22","166"
"Malenostra","Ghost","![Malenostra-menu](https://static.wikia.nocookie.net/nexomon/images/7/73/Malenostra-menu.png/revision/latest/scale-to-width-down/60?cb=20231116203627)","https://nexomon.fandom.com/wiki/Malenostra%20%22Malenostra%22","167"
"Goateeze","Normal","![Goateeze-menu](https://static.wikia.nocookie.net/nexomon/images/e/e5/Goateeze-menu.png/revision/latest/scale-to-width-down/60?cb=20231116203839)","https://nexomon.fandom.com/wiki/Goateeze%20%22Goateeze%22","168"
"Goatlanche","Normal","![Goatlanche-menu](https://static.wikia.nocookie.net/nexomon/images/d/df/Goatlanche-menu.png/revision/latest/scale-to-width-down/60?cb=20231116204223)","https://nexomon.fandom.com/wiki/Goatlanche%20%22Goatlanche%22","169"
"Lumbi","Fire","![Lumbi-menu](https://static.wikia.nocookie.net/nexomon/images/a/ae/Lumbi-menu.png/revision/latest/scale-to-width-down/60?cb=20231116204431)","https://nexomon.fandom.com/wiki/Lumbi%20%22Lumbi%22","170"
"Tiki","Fire","![Tiki-menu](https://static.wikia.nocookie.net/nexomon/images/4/45/Tiki-menu.png/revision/latest/scale-to-width-down/60?cb=20231116204657)","https://nexomon.fandom.com/wiki/Tiki%20%22Tiki%22","171"
"Streamole","Water","![Streamole-menu](https://static.wikia.nocookie.net/nexomon/images/6/69/Streamole-menu.png/revision/latest/scale-to-width-down/60?cb=20231116204926)","https://nexomon.fandom.com/wiki/Streamole%20%22Streamole%22","172"
"Streamog","Water","![Streamog-menu](https://static.wikia.nocookie.net/nexomon/images/f/f1/Streamog-menu.png/revision/latest/scale-to-width-down/60?cb=20231116205150)","https://nexomon.fandom.com/wiki/Streamog%20%22Streamog%22","173"
"Streamoad","Water","![Streamoad-menu](https://static.wikia.nocookie.net/nexomon/images/5/5b/Streamoad-menu.png/revision/latest/scale-to-width-down/60?cb=20231116205812)","https://nexomon.fandom.com/wiki/Streamoad%20%22Streamoad%22","174"
"Potpot","Plant","![Potpot-menu](https://static.wikia.nocookie.net/nexomon/images/e/ef/Potpot-menu.png/revision/latest/scale-to-width-down/60?cb=20231116210031)","https://nexomon.fandom.com/wiki/Potpot%20%22Potpot%22","175"
"Neglente","Plant","![Neglente-menu](https://static.wikia.nocookie.net/nexomon/images/e/e6/Neglente-menu.png/revision/latest/scale-to-width-down/60?cb=20231116210336)","https://nexomon.fandom.com/wiki/Neglente%20%22Neglente%22","176"
"Outgrov","Plant","![Outgrov-menu](https://static.wikia.nocookie.net/nexomon/images/f/f4/Outgrov-menu.png/revision/latest/scale-to-width-down/60?cb=20231116210527)","https://nexomon.fandom.com/wiki/Outgrov%20%22Outgrov%22","177"
"Babicle","Psychic","![Babicle-menu](https://static.wikia.nocookie.net/nexomon/images/8/8e/Babicle-menu.png/revision/latest/scale-to-width-down/60?cb=20231116210707)","https://nexomon.fandom.com/wiki/Babicle%20%22Babicle%22","178"
"Shardice","Psychic","![Shardice-menu](https://static.wikia.nocookie.net/nexomon/images/e/e5/Shardice-menu.png/revision/latest/scale-to-width-down/60?cb=20231116210947)","https://nexomon.fandom.com/wiki/Shardice%20%22Shardice%22","179"
"Shardberg","Psychic","![Shardberg-menu](https://static.wikia.nocookie.net/nexomon/images/e/ec/Shardberg-menu.png/revision/latest/scale-to-width-down/60?cb=20231116211146)","https://nexomon.fandom.com/wiki/Shardberg%20%22Shardberg%22","180"
"Foxdra","Ghost","![Foxdra-menu](https://static.wikia.nocookie.net/nexomon/images/6/6f/Foxdra-menu.png/revision/latest/scale-to-width-down/60?cb=20231116211337)","https://nexomon.fandom.com/wiki/Foxdra%20%22Foxdra%22","181"
"Hohopi","Normal","![Hohopi-menu](https://static.wikia.nocookie.net/nexomon/images/2/28/Hohopi-menu.png/revision/latest/scale-to-width-down/60?cb=20231116212035)","https://nexomon.fandom.com/wiki/Hohopi%20%22Hohopi%22","182"
"Mojompu","Normal","![Mojompu-menu](https://static.wikia.nocookie.net/nexomon/images/c/c2/Mojompu-menu.png/revision/latest/scale-to-width-down/60?cb=20231116212500)","https://nexomon.fandom.com/wiki/Mojompu%20%22Mojompu%22","183"
"Ribombo","Fire","![Ribombo-menu](https://static.wikia.nocookie.net/nexomon/images/5/56/Ribombo-menu.png/revision/latest/scale-to-width-down/60?cb=20231116212703)","https://nexomon.fandom.com/wiki/Ribombo%20%22Ribombo%22","184"
"Bombargrof","Fire","![Bombargrof-menu](https://static.wikia.nocookie.net/nexomon/images/7/75/Bombargrof-menu.png/revision/latest/scale-to-width-down/60?cb=20231116213005)","https://nexomon.fandom.com/wiki/Bombargrof%20%22Bombargrof%22","185"
"Bomblasta","Fire","![Bomblasta-menu](https://static.wikia.nocookie.net/nexomon/images/4/4a/Bomblasta-menu.png/revision/latest/scale-to-width-down/60?cb=20231116213227)","https://nexomon.fandom.com/wiki/Bomblasta%20%22Bomblasta%22","186"
"Cruff","Water","![Cruff-menu](https://static.wikia.nocookie.net/nexomon/images/0/05/Cruff-menu.png/revision/latest/scale-to-width-down/60?cb=20231116213509)","https://nexomon.fandom.com/wiki/Cruff%20%22Cruff%22","187"
"Croncho","Water","![Croncho-menu](https://static.wikia.nocookie.net/nexomon/images/9/93/Croncho-menu.png/revision/latest/scale-to-width-down/60?cb=20231116213717)","https://nexomon.fandom.com/wiki/Croncho%20%22Croncho%22","188"
"Domigator","Water","![Domigator-menu](https://static.wikia.nocookie.net/nexomon/images/a/a6/Domigator-menu.png/revision/latest/scale-to-width-down/60?cb=20231116213946)","https://nexomon.fandom.com/wiki/Domigator%20%22Domigator%22","189"
"Singletti","Plant","![Singletti-menu](https://static.wikia.nocookie.net/nexomon/images/b/b3/Singletti-menu.png/revision/latest/scale-to-width-down/60?cb=20231116214216)","https://nexomon.fandom.com/wiki/Singletti%20%22Singletti%22","190"
"Singlette","Plant","![Singlette-menu](https://static.wikia.nocookie.net/nexomon/images/c/ce/Singlette-menu.png/revision/latest/scale-to-width-down/60?cb=20231117085034)","https://nexomon.fandom.com/wiki/Singlette%20%22Singlette%22","191"
"Couplet","Plant","![Couplet-menu](https://static.wikia.nocookie.net/nexomon/images/a/a4/Couplet-menu.png/revision/latest/scale-to-width-down/60?cb=20231117085407)","https://nexomon.fandom.com/wiki/Couplet%20%22Couplet%22","192"
"Sandillo","Mineral","![Sandillo-menu](https://static.wikia.nocookie.net/nexomon/images/c/c2/Sandillo-menu.png/revision/latest/scale-to-width-down/60?cb=20231117085641)","https://nexomon.fandom.com/wiki/Sandillo%20%22Sandillo%22","193"
"Gravello","Mineral","![Gravello-menu](https://static.wikia.nocookie.net/nexomon/images/c/c6/Gravello-menu.png/revision/latest/scale-to-width-down/60?cb=20231117085849)","https://nexomon.fandom.com/wiki/Gravello%20%22Gravello%22","194"
"Quarmor","Mineral","![Quarmor-menu](https://static.wikia.nocookie.net/nexomon/images/c/ca/Quarmor-menu.png/revision/latest/scale-to-width-down/60?cb=20231117090041)","https://nexomon.fandom.com/wiki/Quarmor%20%22Quarmor%22","195"
"Croo","Wind","![Croo-menu](https://static.wikia.nocookie.net/nexomon/images/8/8c/Croo-menu.png/revision/latest/scale-to-width-down/60?cb=20231117090211)","https://nexomon.fandom.com/wiki/Croo%20%22Croo%22","196"
"Cadeto","Wind","![Cadeto-menu](https://static.wikia.nocookie.net/nexomon/images/9/93/Cadeto-menu.png/revision/latest/scale-to-width-down/60?cb=20231117090834)","https://nexomon.fandom.com/wiki/Cadeto%20%22Cadeto%22","197"
"Navrigal","Wind","![Navrigal-menu](https://static.wikia.nocookie.net/nexomon/images/6/62/Navrigal-menu.png/revision/latest/scale-to-width-down/60?cb=20231117091104)","https://nexomon.fandom.com/wiki/Navrigal%20%22Navrigal%22","198"
"Woozy","Electric","![Woozy-menu](https://static.wikia.nocookie.net/nexomon/images/0/00/Woozy-menu.png/revision/latest/scale-to-width-down/60?cb=20231117091237)","https://nexomon.fandom.com/wiki/Woozy%20%22Woozy%22","199"
"Frictingle","Electric","![Frictingle-menu](https://static.wikia.nocookie.net/nexomon/images/3/34/Frictingle-menu.png/revision/latest/scale-to-width-down/60?cb=20231117091434)","https://nexomon.fandom.com/wiki/Frictingle%20%22Frictingle%22","200"
"Magnipub","Psychic","![Magnipub-menu](https://static.wikia.nocookie.net/nexomon/images/6/6f/Magnipub-menu.png/revision/latest/scale-to-width-down/60?cb=20231117091709)","https://nexomon.fandom.com/wiki/Magnipub%20%22Magnipub%22","201"
"Sunnos","Psychic","![Sunnos-menu](https://static.wikia.nocookie.net/nexomon/images/6/67/Sunnos-menu.png/revision/latest/scale-to-width-down/60?cb=20231117092012)","https://nexomon.fandom.com/wiki/Sunnos%20%22Sunnos%22","202"
"Starckal","Psychic","![Starckal-menu](https://static.wikia.nocookie.net/nexomon/images/0/05/Starckal-menu.png/revision/latest/scale-to-width-down/60?cb=20231117092240)","https://nexomon.fandom.com/wiki/Starckal%20%22Starckal%22","203"
"Ponic","Ghost","![Ponic-menu](https://static.wikia.nocookie.net/nexomon/images/c/cc/Ponic-menu.png/revision/latest/scale-to-width-down/60?cb=20231117092442)","https://nexomon.fandom.com/wiki/Ponic%20%22Ponic%22","204"
"Giddiyelp","Ghost","![Giddiyelp-menu](https://static.wikia.nocookie.net/nexomon/images/1/1b/Giddiyelp-menu.png/revision/latest/scale-to-width-down/60?cb=20231117092747)","https://nexomon.fandom.com/wiki/Giddiyelp%20%22Giddiyelp%22","205"
"Centeror","Ghost","![Centeror-menu](https://static.wikia.nocookie.net/nexomon/images/7/71/Centeror-menu.png/revision/latest/scale-to-width-down/60?cb=20231117093001)","https://nexomon.fandom.com/wiki/Centeror%20%22Centeror%22","206"
"Skunqute","Normal","![Skunqute-menu](https://static.wikia.nocookie.net/nexomon/images/f/fb/Skunqute-menu.png/revision/latest/scale-to-width-down/60?cb=20231117093652)","https://nexomon.fandom.com/wiki/Skunqute%20%22Skunqute%22","207"
"Skunqeau","Normal","![Skunqeau-menu](https://static.wikia.nocookie.net/nexomon/images/2/2f/Skunqeau-menu.png/revision/latest/scale-to-width-down/60?cb=20231117093915)","https://nexomon.fandom.com/wiki/Skunqeau%20%22Skunqeau%22","208"
"Skounquet","Normal","![Skounquet-menu](https://static.wikia.nocookie.net/nexomon/images/e/ea/Skounquet-menu.png/revision/latest/scale-to-width-down/60?cb=20231117094236)","https://nexomon.fandom.com/wiki/Skounquet%20%22Skounquet%22","209"
"Tiliamber","Fire","![Tiliamber-menu](https://static.wikia.nocookie.net/nexomon/images/4/46/Tiliamber-menu.png/revision/latest/scale-to-width-down/60?cb=20231117094512)","https://nexomon.fandom.com/wiki/Tiliamber%20%22Tiliamber%22","210"
"Blazetilia","Fire","![Blazetilia-menu](https://static.wikia.nocookie.net/nexomon/images/4/43/Blazetilia-menu.png/revision/latest/scale-to-width-down/60?cb=20231117094931)","https://nexomon.fandom.com/wiki/Blazetilia%20%22Blazetilia%22","211"
"Mallish","Water","![Mallish-menu](https://static.wikia.nocookie.net/nexomon/images/e/ec/Mallish-menu.png/revision/latest/scale-to-width-down/60?cb=20231117095203)","https://nexomon.fandom.com/wiki/Mallish%20%22Mallish%22","212"
"Mallark","Water","![Mallark-menu](https://static.wikia.nocookie.net/nexomon/images/6/61/Mallark-menu.png/revision/latest/scale-to-width-down/60?cb=20231117095353)","https://nexomon.fandom.com/wiki/Mallark%20%22Mallark%22","213"
"Thrammer","Water","![Thrammer-menu](https://static.wikia.nocookie.net/nexomon/images/2/2e/Thrammer-menu.png/revision/latest/scale-to-width-down/60?cb=20231117100951)","https://nexomon.fandom.com/wiki/Thrammer%20%22Thrammer%22","214"
"Graciful","Plant","![Graciful-menu](https://static.wikia.nocookie.net/nexomon/images/6/62/Graciful-menu.png/revision/latest/scale-to-width-down/60?cb=20231117101209)","https://nexomon.fandom.com/wiki/Graciful%20%22Graciful%22","215"
"Floreina","Plant","![Floreina-menu](https://static.wikia.nocookie.net/nexomon/images/a/a6/Floreina-menu.png/revision/latest/scale-to-width-down/60?cb=20231117101512)","https://nexomon.fandom.com/wiki/Floreina%20%22Floreina%22","216"
"Worb","Mineral","![Worb-menu](https://static.wikia.nocookie.net/nexomon/images/1/1e/Worb-menu.png/revision/latest/scale-to-width-down/60?cb=20231117101824)","https://nexomon.fandom.com/wiki/Worb%20%22Worb%22","217"
"Parchidna","Mineral","![Parchidna-menu](https://static.wikia.nocookie.net/nexomon/images/6/66/Parchidna-menu.png/revision/latest/scale-to-width-down/60?cb=20231117102117)","https://nexomon.fandom.com/wiki/Parchidna%20%22Parchidna%22","218"
"Holoch","Mineral","![Holoch-menu](https://static.wikia.nocookie.net/nexomon/images/4/49/Holoch-menu.png/revision/latest/scale-to-width-down/60?cb=20231117102448)","https://nexomon.fandom.com/wiki/Holoch%20%22Holoch%22","219"
"Frogick","Wind","![Frogick-menu](https://static.wikia.nocookie.net/nexomon/images/f/f7/Frogick-menu.png/revision/latest/scale-to-width-down/60?cb=20231117102834)","https://nexomon.fandom.com/wiki/Frogick%20%22Frogick%22","220"
"Cranoad","Wind","![Cranoad-menu](https://static.wikia.nocookie.net/nexomon/images/9/90/Cranoad-menu.png/revision/latest/scale-to-width-down/60?cb=20231117104134)","https://nexomon.fandom.com/wiki/Cranoad%20%22Cranoad%22","221"
"Tesling","Electric","![Tesling-menu](https://static.wikia.nocookie.net/nexomon/images/e/e4/Tesling-menu.png/revision/latest/scale-to-width-down/60?cb=20231117104317)","https://nexomon.fandom.com/wiki/Tesling%20%22Tesling%22","222"
"Teslad","Electric","![Teslad-menu](https://static.wikia.nocookie.net/nexomon/images/7/78/Teslad-menu.png/revision/latest/scale-to-width-down/60?cb=20231117104540)","https://nexomon.fandom.com/wiki/Teslad%20%22Teslad%22","223"
"Volpressor","Electric","![Volpressor-menu](https://static.wikia.nocookie.net/nexomon/images/a/a9/Volpressor-menu.png/revision/latest/scale-to-width-down/60?cb=20231117104803)","https://nexomon.fandom.com/wiki/Volpressor%20%22Volpressor%22","224"
"Mimi","Psychic","![Mimi-menu](https://static.wikia.nocookie.net/nexomon/images/f/fe/Mimi-menu.png/revision/latest/scale-to-width-down/60?cb=20231117104953)","https://nexomon.fandom.com/wiki/Mimi%20%22Mimi%22","225"
"Mimorus","Psychic","![Mimorus-menu](https://static.wikia.nocookie.net/nexomon/images/7/73/Mimorus-menu.png/revision/latest/scale-to-width-down/60?cb=20231117105202)","https://nexomon.fandom.com/wiki/Mimorus%20%22Mimorus%22","226"
"Ripha","Ghost","![Ripha-menu](https://static.wikia.nocookie.net/nexomon/images/1/15/Ripha-menu.png/revision/latest/scale-to-width-down/60?cb=20231117105348)","https://nexomon.fandom.com/wiki/Ripha%20%22Ripha%22","227"
"Grimmon","Ghost","![Grimmon-menu](https://static.wikia.nocookie.net/nexomon/images/d/d4/Grimmon-menu.png/revision/latest/scale-to-width-down/60?cb=20231117105616)","https://nexomon.fandom.com/wiki/Grimmon%20%22Grimmon%22","228"
"Devoul","Ghost","![Devoul-menu](https://static.wikia.nocookie.net/nexomon/images/6/60/Devoul-menu.png/revision/latest/scale-to-width-down/60?cb=20231117105802)","https://nexomon.fandom.com/wiki/Devoul%20%22Devoul%22","229"
"Rapi","Normal","![Rapi-menu](https://static.wikia.nocookie.net/nexomon/images/2/2f/Rapi-menu.png/revision/latest/scale-to-width-down/60?cb=20231117110007)","https://nexomon.fandom.com/wiki/Rapi%20%22Rapi%22","230"
"Rapilux","Normal","![Rapilux-menu](https://static.wikia.nocookie.net/nexomon/images/b/b8/Rapilux-menu.png/revision/latest/scale-to-width-down/60?cb=20231117110329)","https://nexomon.fandom.com/wiki/Rapilux%20%22Rapilux%22","231"
"Pongo","Fire","![Pongo-menu](https://static.wikia.nocookie.net/nexomon/images/f/fa/Pongo-menu.png/revision/latest/scale-to-width-down/60?cb=20231117110508)","https://nexomon.fandom.com/wiki/Pongo%20%22Pongo%22","232"
"Imbuzi","Fire","![Imbuzi-menu](https://static.wikia.nocookie.net/nexomon/images/f/f2/Imbuzi-menu.png/revision/latest/scale-to-width-down/60?cb=20231117111410)","https://nexomon.fandom.com/wiki/Imbuzi%20%22Imbuzi%22","233"
"Imburion","Fire","![Imburion-menu](https://static.wikia.nocookie.net/nexomon/images/7/77/Imburion-menu.png/revision/latest/scale-to-width-down/60?cb=20231117111705)","https://nexomon.fandom.com/wiki/Imburion%20%22Imburion%22","234"
"Hydrip","Water","![Hydrip-menu](https://static.wikia.nocookie.net/nexomon/images/2/27/Hydrip-menu.png/revision/latest/scale-to-width-down/60?cb=20231117111925)","https://nexomon.fandom.com/wiki/Hydrip%20%22Hydrip%22","235"
"Hydrose","Water","![Hydrose-menu](https://static.wikia.nocookie.net/nexomon/images/0/0d/Hydrose-menu.png/revision/latest/scale-to-width-down/60?cb=20231117112508)","https://nexomon.fandom.com/wiki/Hydrose%20%22Hydrose%22","236"
"Auga","Plant","![Auga-menu](https://static.wikia.nocookie.net/nexomon/images/7/7a/Auga-menu.png/revision/latest/scale-to-width-down/60?cb=20231117114609)","https://nexomon.fandom.com/wiki/Auga%20%22Auga%22","237"
"Florauga","Plant","![Florauga-menu](https://static.wikia.nocookie.net/nexomon/images/8/83/Florauga-menu.png/revision/latest/scale-to-width-down/60?cb=20231117114844)","https://nexomon.fandom.com/wiki/Florauga%20%22Florauga%22","238"
"Quarauga","Plant","![Quarauga-menu](https://static.wikia.nocookie.net/nexomon/images/6/67/Quarauga-menu.png/revision/latest/scale-to-width-down/60?cb=20231117115946)","https://nexomon.fandom.com/wiki/Quarauga%20%22Quarauga%22","239"
"Moonline","Psychic","![Moonline-menu](https://static.wikia.nocookie.net/nexomon/images/4/46/Moonline-menu.png/revision/latest/scale-to-width-down/60?cb=20231117120209)","https://nexomon.fandom.com/wiki/Moonline%20%22Moonline%22","240"
"Duh","Ghost","![Duh-menu](https://static.wikia.nocookie.net/nexomon/images/1/10/Duh-menu.png/revision/latest/scale-to-width-down/60?cb=20231117120607)","https://nexomon.fandom.com/wiki/Duh%20%22Duh%22","241"
"Duktar","Ghost","![Duktar-menu](https://static.wikia.nocookie.net/nexomon/images/2/20/Duktar-menu.png/revision/latest/scale-to-width-down/60?cb=20231117121236)","https://nexomon.fandom.com/wiki/Duktar%20%22Duktar%22","242"
"Spektar","Ghost","![Spektar-menu](https://static.wikia.nocookie.net/nexomon/images/8/88/Spektar-menu.png/revision/latest/scale-to-width-down/60?cb=20231117121414)","https://nexomon.fandom.com/wiki/Spektar%20%22Spektar%22","243"
"Bira","Normal","![Bira-menu](https://static.wikia.nocookie.net/nexomon/images/4/4d/Bira-menu.png/revision/latest/scale-to-width-down/60?cb=20231117121815)","https://nexomon.fandom.com/wiki/Bira%20%22Bira%22","244"
"Biralo","Normal","![Biralo-menu](https://static.wikia.nocookie.net/nexomon/images/5/51/Biralo-menu.png/revision/latest/scale-to-width-down/60?cb=20231117122108)","https://nexomon.fandom.com/wiki/Biralo%20%22Biralo%22","245"
"Bisina","Normal","![Bisina-menu](https://static.wikia.nocookie.net/nexomon/images/c/c0/Bisina-menu.png/revision/latest/scale-to-width-down/60?cb=20231117122327)","https://nexomon.fandom.com/wiki/Bisina%20%22Bisina%22","246"
"Nekpanchi","Fire","![Nekpanchi-menu](https://static.wikia.nocookie.net/nexomon/images/b/be/Nekpanchi-menu.png/revision/latest/scale-to-width-down/60?cb=20231117122627)","https://nexomon.fandom.com/wiki/Nekpanchi%20%22Nekpanchi%22","247"
"Nekgiri","Fire","![Nekgiri-menu](https://static.wikia.nocookie.net/nexomon/images/5/54/Nekgiri-menu.png/revision/latest/scale-to-width-down/60?cb=20231117122957)","https://nexomon.fandom.com/wiki/Nekgiri%20%22Nekgiri%22","248"
"Felclaw","Fire","![Felclaw-menu](https://static.wikia.nocookie.net/nexomon/images/6/69/Felclaw-menu.png/revision/latest/scale-to-width-down/60?cb=20231117123307)","https://nexomon.fandom.com/wiki/Felclaw%20%22Felclaw%22","249"
"Coral","Water","![Coral-menu](https://static.wikia.nocookie.net/nexomon/images/7/71/Coral-menu.png/revision/latest/scale-to-width-down/60?cb=20231117123615)","https://nexomon.fandom.com/wiki/Coral%20%22Coral%22","250"
"Grebal","Water","![Grebal-menu](https://static.wikia.nocookie.net/nexomon/images/5/55/Grebal-menu.png/revision/latest/scale-to-width-down/60?cb=20231117124042)","https://nexomon.fandom.com/wiki/Grebal%20%22Grebal%22","251"
"Greben","Water","![Greben-menu](https://static.wikia.nocookie.net/nexomon/images/1/1b/Greben-menu.png/revision/latest/scale-to-width-down/60?cb=20231117124315)","https://nexomon.fandom.com/wiki/Greben%20%22Greben%22","252"
"Siki","Plant","![Siki-menu](https://static.wikia.nocookie.net/nexomon/images/4/45/Siki-menu.png/revision/latest/scale-to-width-down/60?cb=20231117124535)","https://nexomon.fandom.com/wiki/Siki%20%22Siki%22","253"
"Sikihob","Plant","![Sikihob-menu](https://static.wikia.nocookie.net/nexomon/images/f/fa/Sikihob-menu.png/revision/latest/scale-to-width-down/60?cb=20231117124916)","https://nexomon.fandom.com/wiki/Sikihob%20%22Sikihob%22","254"
"Sikipha","Plant","![Sikipha-menu](https://static.wikia.nocookie.net/nexomon/images/f/fb/Sikipha-menu.png/revision/latest/scale-to-width-down/60?cb=20231117125428)","https://nexomon.fandom.com/wiki/Sikipha%20%22Sikipha%22","255"
"Moonica","Mineral","![Moonica-menu](https://static.wikia.nocookie.net/nexomon/images/5/53/Moonica-menu.png/revision/latest/scale-to-width-down/60?cb=20231117125729)","https://nexomon.fandom.com/wiki/Moonica%20%22Moonica%22","256"
"Moonette","Mineral","![Moonette-menu](https://static.wikia.nocookie.net/nexomon/images/2/22/Moonette-menu.png/revision/latest/scale-to-width-down/60?cb=20231117132045)","https://nexomon.fandom.com/wiki/Moonette%20%22Moonette%22","257"
"Lunabelle","Mineral","![Lunabelle-menu](https://static.wikia.nocookie.net/nexomon/images/9/9d/Lunabelle-menu.png/revision/latest/scale-to-width-down/60?cb=20231117132302)","https://nexomon.fandom.com/wiki/Lunabelle%20%22Lunabelle%22","258"
"Sae","Wind","![Sae-menu](https://static.wikia.nocookie.net/nexomon/images/e/e1/Sae-menu.png/revision/latest/scale-to-width-down/60?cb=20231117132521)","https://nexomon.fandom.com/wiki/Sae%20%22Sae%22","259"
"Palsae","Wind","![Palsae-menu](https://static.wikia.nocookie.net/nexomon/images/a/ac/Palsae-menu.png/revision/latest/scale-to-width-down/60?cb=20231117133747)","https://nexomon.fandom.com/wiki/Palsae%20%22Palsae%22","260"
"Dalsae","Wind","![Dalsae-menu](https://static.wikia.nocookie.net/nexomon/images/a/a1/Dalsae-menu.png/revision/latest/scale-to-width-down/60?cb=20231117133955)","https://nexomon.fandom.com/wiki/Dalsae%20%22Dalsae%22","261"
"Omentic","Electric","![Omentic-menu](https://static.wikia.nocookie.net/nexomon/images/8/82/Omentic-menu.png/revision/latest/scale-to-width-down/60?cb=20231117134224)","https://nexomon.fandom.com/wiki/Omentic%20%22Omentic%22","262"
"Omepark","Electric","![Omepark-menu](https://static.wikia.nocookie.net/nexomon/images/5/52/Omepark-menu.png/revision/latest/scale-to-width-down/60?cb=20231117134610)","https://nexomon.fandom.com/wiki/Omepark%20%22Omepark%22","263"
"Omecharge","Electric","![Omecharge-menu](https://static.wikia.nocookie.net/nexomon/images/3/31/Omecharge-menu.png/revision/latest/scale-to-width-down/60?cb=20231117134839)","https://nexomon.fandom.com/wiki/Omecharge%20%22Omecharge%22","264"
"Yummo","Psychic","![Yummo-menu](https://static.wikia.nocookie.net/nexomon/images/2/24/Yummo-menu.png/revision/latest/scale-to-width-down/60?cb=20231117135210)","https://nexomon.fandom.com/wiki/Yummo%20%22Yummo%22","265"
"Yomnom","Psychic","![Yomnom-menu](https://static.wikia.nocookie.net/nexomon/images/6/67/Yomnom-menu.png/revision/latest/scale-to-width-down/60?cb=20231117135734)","https://nexomon.fandom.com/wiki/Yomnom%20%22Yomnom%22","266"
"Glunch","Psychic","![Glunch-menu](https://static.wikia.nocookie.net/nexomon/images/6/66/Glunch-menu.png/revision/latest/scale-to-width-down/60?cb=20231117135952)","https://nexomon.fandom.com/wiki/Glunch%20%22Glunch%22","267"
"Muu","Ghost","![Muu-menu](https://static.wikia.nocookie.net/nexomon/images/4/4f/Muu-menu.png/revision/latest/scale-to-width-down/60?cb=20231117140236)","https://nexomon.fandom.com/wiki/Muu%20%22Muu%22","268"
"Carcaros","Ghost","![Carcaros-menu](https://static.wikia.nocookie.net/nexomon/images/6/6c/Carcaros-menu.png/revision/latest/scale-to-width-down/60?cb=20231117141157)","https://nexomon.fandom.com/wiki/Carcaros%20%22Carcaros%22","269"
"Immortis","Ghost","![Immortis-menu](https://static.wikia.nocookie.net/nexomon/images/2/22/Immortis-menu.png/revision/latest/scale-to-width-down/60?cb=20231117141454)","https://nexomon.fandom.com/wiki/Immortis%20%22Immortis%22","270"
"Paupo","Normal","![Paupo-menu](https://static.wikia.nocookie.net/nexomon/images/c/ce/Paupo-menu.png/revision/latest/scale-to-width-down/60?cb=20231117142027)","https://nexomon.fandom.com/wiki/Paupo%20%22Paupo%22","271"
"Arispauva","Normal","![Arispauva-menu](https://static.wikia.nocookie.net/nexomon/images/7/79/Arispauva-menu.png/revision/latest/scale-to-width-down/60?cb=20231117142434)","https://nexomon.fandom.com/wiki/Arispauva%20%22Arispauva%22","272"
"Tantrunt","Fire","![Tantrunt-menu](https://static.wikia.nocookie.net/nexomon/images/e/e7/Tantrunt-menu.png/revision/latest/scale-to-width-down/60?cb=20231117142709)","https://nexomon.fandom.com/wiki/Tantrunt%20%22Tantrunt%22","273"
"Grath","Fire","![Grath-menu](https://static.wikia.nocookie.net/nexomon/images/b/b7/Grath-menu.png/revision/latest/scale-to-width-down/60?cb=20231117143014)","https://nexomon.fandom.com/wiki/Grath%20%22Grath%22","274"
"Mermella","Water","![Mermella-menu](https://static.wikia.nocookie.net/nexomon/images/f/f2/Mermella-menu.png/revision/latest/scale-to-width-down/60?cb=20231117143413)","https://nexomon.fandom.com/wiki/Mermella%20%22Mermella%22","275"
"Sirnymfa","Water","![Sirnymfa-menu](https://static.wikia.nocookie.net/nexomon/images/1/12/Sirnymfa-menu.png/revision/latest/scale-to-width-down/60?cb=20231117144053)","https://nexomon.fandom.com/wiki/Sirnymfa%20%22Sirnymfa%22","276"
"Algon","Plant","![Algon-menu](https://static.wikia.nocookie.net/nexomon/images/6/6c/Algon-menu.png/revision/latest/scale-to-width-down/60?cb=20231117144458)","https://nexomon.fandom.com/wiki/Algon%20%22Algon%22","277"
"Reeferus","Plant","![Reeferus-menu](https://static.wikia.nocookie.net/nexomon/images/e/e2/Reeferus-menu.png/revision/latest/scale-to-width-down/60?cb=20231117145511)","https://nexomon.fandom.com/wiki/Reeferus%20%22Reeferus%22","278"
"Waser","Mineral","![Waser-menu](https://static.wikia.nocookie.net/nexomon/images/d/d3/Waser-menu.png/revision/latest/scale-to-width-down/60?cb=20231117145838)","https://nexomon.fandom.com/wiki/Waser%20%22Waser%22","279"
"Wargoyle","Mineral","![Wargoyle-menu](https://static.wikia.nocookie.net/nexomon/images/6/6d/Wargoyle-menu.png/revision/latest/scale-to-width-down/60?cb=20231117150221)","https://nexomon.fandom.com/wiki/Wargoyle%20%22Wargoyle%22","280"
"Glidlee","Wind","![Glidlee-menu](https://static.wikia.nocookie.net/nexomon/images/6/61/Glidlee-menu.png/revision/latest/scale-to-width-down/60?cb=20231117150447)","https://nexomon.fandom.com/wiki/Glidlee%20%22Glidlee%22","281"
"Sorvian","Wind","![Sorvian-menu](https://static.wikia.nocookie.net/nexomon/images/b/b3/Sorvian-menu.png/revision/latest/scale-to-width-down/60?cb=20231117150812)","https://nexomon.fandom.com/wiki/Sorvian%20%22Sorvian%22","282"
"Smanic","Electric","![Smanic-menu](https://static.wikia.nocookie.net/nexomon/images/6/60/Smanic-menu.png/revision/latest/scale-to-width-down/60?cb=20231117151021)","https://nexomon.fandom.com/wiki/Smanic%20%22Smanic%22","283"
"Resonic","Electric","![Resonic-menu](https://static.wikia.nocookie.net/nexomon/images/9/92/Resonic-menu.png/revision/latest/scale-to-width-down/60?cb=20231117151314)","https://nexomon.fandom.com/wiki/Resonic%20%22Resonic%22","284"
"Lovinu","Psychic","![Lovinu-menu](https://static.wikia.nocookie.net/nexomon/images/e/ee/Lovinu-menu.png/revision/latest/scale-to-width-down/60?cb=20231117151708)","https://nexomon.fandom.com/wiki/Lovinu%20%22Lovinu%22","285"
"Lovidovi","Psychic","![Lovidovi-menu](https://static.wikia.nocookie.net/nexomon/images/6/62/Lovidovi-menu.png/revision/latest/scale-to-width-down/60?cb=20231117152000)","https://nexomon.fandom.com/wiki/Lovidovi%20%22Lovidovi%22","286"
"Lurkost","Ghost","![Lurkost-menu](https://static.wikia.nocookie.net/nexomon/images/c/ca/Lurkost-menu.png/revision/latest/scale-to-width-down/60?cb=20231117152435)","https://nexomon.fandom.com/wiki/Lurkost%20%22Lurkost%22","287"
"Lurkennie","Ghost","![Lurkennie-menu](https://static.wikia.nocookie.net/nexomon/images/5/51/Lurkennie-menu.png/revision/latest/scale-to-width-down/60?cb=20231117152825)","https://nexomon.fandom.com/wiki/Lurkennie%20%22Lurkennie%22","288"
"Rapnux","Normal","![Rapnux-menu](https://static.wikia.nocookie.net/nexomon/images/5/53/Rapnux-menu.png/revision/latest/scale-to-width-down/60?cb=20231117153119)","https://nexomon.fandom.com/wiki/Rapnux%20%22Rapnux%22","289"
"Boilgog","Fire","![Boilgog-menu](https://static.wikia.nocookie.net/nexomon/images/2/2c/Boilgog-menu.png/revision/latest/scale-to-width-down/60?cb=20231117153434)","https://nexomon.fandom.com/wiki/Boilgog%20%22Boilgog%22","290"
"Antarzen","Water","![Antarzen-menu](https://static.wikia.nocookie.net/nexomon/images/b/b7/Antarzen-menu.png/revision/latest/scale-to-width-down/60?cb=20231117154234)","https://nexomon.fandom.com/wiki/Antarzen%20%22Antarzen%22","291"
"Florozard","Plant","![Florozard-menu](https://static.wikia.nocookie.net/nexomon/images/a/a5/Florozard-menu.png/revision/latest/scale-to-width-down/60?cb=20231117154601)","https://nexomon.fandom.com/wiki/Florozard%20%22Florozard%22","292"
"Blizstrong","Mineral","![Blizstrong-menu](https://static.wikia.nocookie.net/nexomon/images/e/eb/Blizstrong-menu.png/revision/latest/scale-to-width-down/60?cb=20231117154959)","https://nexomon.fandom.com/wiki/Blizstrong%20%22Blizstrong%22","293"
"Hyphoon","Wind","![Hyphoon-menu](https://static.wikia.nocookie.net/nexomon/images/e/ef/Hyphoon-menu.png/revision/latest/scale-to-width-down/60?cb=20231117155355)","https://nexomon.fandom.com/wiki/Hyphoon%20%22Hyphoon%22","294"
"Goblat","Electric","![Goblat-menu](https://static.wikia.nocookie.net/nexomon/images/5/5d/Goblat-menu.png/revision/latest/scale-to-width-down/60?cb=20231117155658)","https://nexomon.fandom.com/wiki/Goblat%20%22Goblat%22","295"
"Divette","Psychic","![Divette-menu](https://static.wikia.nocookie.net/nexomon/images/8/85/Divette-menu.png/revision/latest/scale-to-width-down/60?cb=20231117155941)","https://nexomon.fandom.com/wiki/Divette%20%22Divette%22","296"
"Gradow","Ghost","![Gradow-menu](https://static.wikia.nocookie.net/nexomon/images/0/0b/Gradow-menu.png/revision/latest/scale-to-width-down/60?cb=20231117161059)","https://nexomon.fandom.com/wiki/Gradow%20%22Gradow%22","297"
"Basil","Normal","![Basil-menu](https://static.wikia.nocookie.net/nexomon/images/f/fc/Basil-menu.png/revision/latest/scale-to-width-down/60?cb=20231117163741)","https://nexomon.fandom.com/wiki/Basil%20%22Basil%22","298"
"Wysil","Normal","![Wysil-menu](https://static.wikia.nocookie.net/nexomon/images/f/f5/Wysil-menu.png/revision/latest/scale-to-width-down/60?cb=20231117164355)","https://nexomon.fandom.com/wiki/Wysil%20%22Wysil%22","299"
"Tarragon","Normal","![Tarragon-menu](https://static.wikia.nocookie.net/nexomon/images/4/45/Tarragon-menu.png/revision/latest/scale-to-width-down/60?cb=20231117164912)","https://nexomon.fandom.com/wiki/Tarragon%20%22Tarragon%22","300"
"Drare","Fire","![Drare-menu](https://static.wikia.nocookie.net/nexomon/images/b/be/Drare-menu.png/revision/latest/scale-to-width-down/60?cb=20231117165218)","https://nexomon.fandom.com/wiki/Drare%20%22Drare%22","301"
"Ignigon","Fire","![Ignigon-menu](https://static.wikia.nocookie.net/nexomon/images/3/34/Ignigon-menu.png/revision/latest/scale-to-width-down/60?cb=20231118093421)","https://nexomon.fandom.com/wiki/Ignigon%20%22Ignigon%22","302"
"Acegon","Fire","![Acegon-menu](https://static.wikia.nocookie.net/nexomon/images/8/85/Acegon-menu.png/revision/latest/scale-to-width-down/60?cb=20231118093654)","https://nexomon.fandom.com/wiki/Acegon%20%22Acegon%22","303"
"Cryzzard","Water","![Cryzzard-menu](https://static.wikia.nocookie.net/nexomon/images/4/42/Cryzzard-menu.png/revision/latest/scale-to-width-down/60?cb=20231118093851)","https://nexomon.fandom.com/wiki/Cryzzard%20%22Cryzzard%22","304"
"Blizzarm","Water","![Blizzarm-menu](https://static.wikia.nocookie.net/nexomon/images/0/0f/Blizzarm-menu.png/revision/latest/scale-to-width-down/60?cb=20231118094051)","https://nexomon.fandom.com/wiki/Blizzarm%20%22Blizzarm%22","305"
"Blizzaur","Water","![Blizzaur-menu](https://static.wikia.nocookie.net/nexomon/images/c/c6/Blizzaur-menu.png/revision/latest/scale-to-width-down/60?cb=20231118094346)","https://nexomon.fandom.com/wiki/Blizzaur%20%22Blizzaur%22","306"
"Briar","Plant","![Briar-menu](https://static.wikia.nocookie.net/nexomon/images/4/44/Briar-menu.png/revision/latest/scale-to-width-down/60?cb=20231118094603)","https://nexomon.fandom.com/wiki/Briar%20%22Briar%22","307"
"Chaparral","Plant","![Chaparral-menu](https://static.wikia.nocookie.net/nexomon/images/b/b5/Chaparral-menu.png/revision/latest/scale-to-width-down/60?cb=20231118094809)","https://nexomon.fandom.com/wiki/Chaparral%20%22Chaparral%22","308"
"Foreer","Plant","![Foreer-menu](https://static.wikia.nocookie.net/nexomon/images/2/2f/Foreer-menu.png/revision/latest/scale-to-width-down/60?cb=20231118095018)","https://nexomon.fandom.com/wiki/Foreer%20%22Foreer%22","309"
"Oren","Mineral","![Oren-menu](https://static.wikia.nocookie.net/nexomon/images/1/12/Oren-menu.png/revision/latest/scale-to-width-down/60?cb=20231118095201)","https://nexomon.fandom.com/wiki/Oren%20%22Oren%22","310"
"Orgot","Mineral","![Orgot-menu](https://static.wikia.nocookie.net/nexomon/images/c/c5/Orgot-menu.png/revision/latest/scale-to-width-down/60?cb=20231118095631)","https://nexomon.fandom.com/wiki/Orgot%20%22Orgot%22","311"
"Oregoon","Mineral","![Oregoon-menu](https://static.wikia.nocookie.net/nexomon/images/8/82/Oregoon-menu.png/revision/latest/scale-to-width-down/60?cb=20231118100002)","https://nexomon.fandom.com/wiki/Oregoon%20%22Oregoon%22","312"
"Flotter","Wind","![Flotter-menu](https://static.wikia.nocookie.net/nexomon/images/5/55/Flotter-menu.png/revision/latest/scale-to-width-down/60?cb=20231118100359)","https://nexomon.fandom.com/wiki/Flotter%20%22Flotter%22","313"
"Dratter","Wind","![Dratter-menu](https://static.wikia.nocookie.net/nexomon/images/6/64/Dratter-menu.png/revision/latest/scale-to-width-down/60?cb=20231118100711)","https://nexomon.fandom.com/wiki/Dratter%20%22Dratter%22","314"
"Furrygon","Wind","![Furrygon-menu](https://static.wikia.nocookie.net/nexomon/images/2/2f/Furrygon-menu.png/revision/latest/scale-to-width-down/60?cb=20231118100902)","https://nexomon.fandom.com/wiki/Furrygon%20%22Furrygon%22","315"
"Volt","Electric","![Volt-menu](https://static.wikia.nocookie.net/nexomon/images/5/56/Volt-menu.png/revision/latest/scale-to-width-down/60?cb=20231118101059)","https://nexomon.fandom.com/wiki/Volt%20%22Volt%22","316"
"Volnamic","Electric","![Volnamic-menu](https://static.wikia.nocookie.net/nexomon/images/8/8b/Volnamic-menu.png/revision/latest/scale-to-width-down/60?cb=20231118101324)","https://nexomon.fandom.com/wiki/Volnamic%20%22Volnamic%22","317"
"Voltaic","Electric","![Voltaic-menu](https://static.wikia.nocookie.net/nexomon/images/c/c3/Voltaic-menu.png/revision/latest/scale-to-width-down/60?cb=20231118101505)","https://nexomon.fandom.com/wiki/Voltaic%20%22Voltaic%22","318"
"Wadgon","Psychic","![Wadgon-menu](https://static.wikia.nocookie.net/nexomon/images/1/13/Wadgon-menu.png/revision/latest/scale-to-width-down/60?cb=20231118101836)","https://nexomon.fandom.com/wiki/Wadgon%20%22Wadgon%22","319"
"Wadtail","Psychic","![Wadtail-menu](https://static.wikia.nocookie.net/nexomon/images/8/8d/Wadtail-menu.png/revision/latest/scale-to-width-down/60?cb=20231118102117)","https://nexomon.fandom.com/wiki/Wadtail%20%22Wadtail%22","320"
"Horget","Psychic","![Horget-menu](https://static.wikia.nocookie.net/nexomon/images/0/0e/Horget-menu.png/revision/latest/scale-to-width-down/60?cb=20231118102348)","https://nexomon.fandom.com/wiki/Horget%20%22Horget%22","321"
"Deyam","Ghost","![Deyam-menu](https://static.wikia.nocookie.net/nexomon/images/0/01/Deyam-menu.png/revision/latest/scale-to-width-down/60?cb=20231118102559)","https://nexomon.fandom.com/wiki/Deyam%20%22Deyam%22","322"
"Deyama","Ghost","![Deyama-menu](https://static.wikia.nocookie.net/nexomon/images/6/64/Deyama-menu.png/revision/latest/scale-to-width-down/60?cb=20231118102748)","https://nexomon.fandom.com/wiki/Deyama%20%22Deyama%22","323"
"Phantra","Ghost","![Phantra-menu](https://static.wikia.nocookie.net/nexomon/images/d/df/Phantra-menu.png/revision/latest/scale-to-width-down/60?cb=20231118102925)","https://nexomon.fandom.com/wiki/Phantra%20%22Phantra%22","324"
"Dinja","Normal","![Dinja-menu](https://static.wikia.nocookie.net/nexomon/images/1/16/Dinja-menu.png/revision/latest/scale-to-width-down/60?cb=20231118103133)","https://nexomon.fandom.com/wiki/Dinja%20%22Dinja%22","325"
"Dichala","Normal","![Dichala-menu](https://static.wikia.nocookie.net/nexomon/images/a/ad/Dichala-menu.png/revision/latest/scale-to-width-down/60?cb=20231118110742)","https://nexomon.fandom.com/wiki/Dichala%20%22Dichala%22","326"
"Namansi","Normal","![Namansi-menu](https://static.wikia.nocookie.net/nexomon/images/0/03/Namansi-menu.png/revision/latest/scale-to-width-down/60?cb=20231118111105)","https://nexomon.fandom.com/wiki/Namansi%20%22Namansi%22","327"
"Lume","Fire","![Lume-menu](https://static.wikia.nocookie.net/nexomon/images/a/a6/Lume-menu.png/revision/latest/scale-to-width-down/60?cb=20231118111258)","https://nexomon.fandom.com/wiki/Lume%20%22Lume%22","328"
"Lumefur","Fire","![Lumefur-menu](https://static.wikia.nocookie.net/nexomon/images/9/99/Lumefur-menu.png/revision/latest/scale-to-width-down/60?cb=20231118111823)","https://nexomon.fandom.com/wiki/Lumefur%20%22Lumefur%22","329"
"Lumerei","Fire","![Lumerei-menu](https://static.wikia.nocookie.net/nexomon/images/7/70/Lumerei-menu.png/revision/latest/scale-to-width-down/60?cb=20231118112703)","https://nexomon.fandom.com/wiki/Lumerei%20%22Lumerei%22","330"
"Noki","Water","![Noki-menu](https://static.wikia.nocookie.net/nexomon/images/4/43/Noki-menu.png/revision/latest/scale-to-width-down/60?cb=20231118112840)","https://nexomon.fandom.com/wiki/Noki%20%22Noki%22","331"
"Vainok","Water","![Vainok-menu](https://static.wikia.nocookie.net/nexomon/images/6/6a/Vainok-menu.png/revision/latest/scale-to-width-down/60?cb=20231118113106)","https://nexomon.fandom.com/wiki/Vainok%20%22Vainok%22","332"
"Hainok","Water","![Hainok-menu](https://static.wikia.nocookie.net/nexomon/images/0/08/Hainok-menu.png/revision/latest/scale-to-width-down/60?cb=20231118113628)","https://nexomon.fandom.com/wiki/Hainok%20%22Hainok%22","333"
"Mara","Plant","![Mara-menu](https://static.wikia.nocookie.net/nexomon/images/c/ca/Mara-menu.png/revision/latest/scale-to-width-down/60?cb=20231118113810)","https://nexomon.fandom.com/wiki/Mara%20%22Mara%22","334"
"Marasuma","Plant","![Marasuma-menu](https://static.wikia.nocookie.net/nexomon/images/0/05/Marasuma-menu.png/revision/latest/scale-to-width-down/60?cb=20231118114236)","https://nexomon.fandom.com/wiki/Marasuma%20%22Marasuma%22","335"
"Raksuma","Plant","![Raksuma-menu](https://static.wikia.nocookie.net/nexomon/images/5/52/Raksuma-menu.png/revision/latest/scale-to-width-down/60?cb=20231118114609)","https://nexomon.fandom.com/wiki/Raksuma%20%22Raksuma%22","336"
"Trebly","Mineral","![Trebly-menu](https://static.wikia.nocookie.net/nexomon/images/e/e3/Trebly-menu.png/revision/latest/scale-to-width-down/60?cb=20231118114804)","https://nexomon.fandom.com/wiki/Trebly%20%22Trebly%22","337"
"Treclay","Mineral","![Treclay-menu](https://static.wikia.nocookie.net/nexomon/images/4/40/Treclay-menu.png/revision/latest/scale-to-width-down/60?cb=20231118115000)","https://nexomon.fandom.com/wiki/Treclay%20%22Treclay%22","338"
"Tresaur","Mineral","![Tresaur-menu](https://static.wikia.nocookie.net/nexomon/images/a/ad/Tresaur-menu.png/revision/latest/scale-to-width-down/60?cb=20231118115202)","https://nexomon.fandom.com/wiki/Tresaur%20%22Tresaur%22","339"
"Mearn","Wind","![Mearn-menu](https://static.wikia.nocookie.net/nexomon/images/7/7f/Mearn-menu.png/revision/latest/scale-to-width-down/60?cb=20231118115542)","https://nexomon.fandom.com/wiki/Mearn%20%22Mearn%22","340"
"Felarnia","Wind","![Felarnia-menu](https://static.wikia.nocookie.net/nexomon/images/5/5f/Felarnia-menu.png/revision/latest/scale-to-width-down/60?cb=20231118120313)","https://nexomon.fandom.com/wiki/Felarnia%20%22Felarnia%22","341"
"Yarnesty","Wind","![Yarnesty-menu](https://static.wikia.nocookie.net/nexomon/images/1/19/Yarnesty-menu.png/revision/latest/scale-to-width-down/60?cb=20231118120451)","https://nexomon.fandom.com/wiki/Yarnesty%20%22Yarnesty%22","342"
"Gekoko","Electric","![Gekoko-menu](https://static.wikia.nocookie.net/nexomon/images/2/27/Gekoko-menu.png/revision/latest/scale-to-width-down/60?cb=20231118121351)","https://nexomon.fandom.com/wiki/Gekoko%20%22Gekoko%22","343"
"Kamelevo","Electric","![Kamelevo-menu](https://static.wikia.nocookie.net/nexomon/images/f/fa/Kamelevo-menu.png/revision/latest/scale-to-width-down/60?cb=20231118131910)","https://nexomon.fandom.com/wiki/Kamelevo%20%22Kamelevo%22","344"
"Reptomotor","Electric","![Reptomotor-menu](https://static.wikia.nocookie.net/nexomon/images/1/1b/Reptomotor-menu.png/revision/latest/scale-to-width-down/60?cb=20231118132158)","https://nexomon.fandom.com/wiki/Reptomotor%20%22Reptomotor%22","345"
"Masquiti","Psychic","![Masquiti-menu](https://static.wikia.nocookie.net/nexomon/images/f/fc/Masquiti-menu.png/revision/latest/scale-to-width-down/60?cb=20231118132400)","https://nexomon.fandom.com/wiki/Masquiti%20%22Masquiti%22","346"
"Masqat","Psychic","![Masqat-menu](https://static.wikia.nocookie.net/nexomon/images/1/1b/Masqat-menu.png/revision/latest/scale-to-width-down/60?cb=20231118132658)","https://nexomon.fandom.com/wiki/Masqat%20%22Masqat%22","347"
"Feliblanqo","Psychic","![Feliblanqo-menu](https://static.wikia.nocookie.net/nexomon/images/0/07/Feliblanqo-menu.png/revision/latest/scale-to-width-down/60?cb=20231118132859)","https://nexomon.fandom.com/wiki/Feliblanqo%20%22Feliblanqo%22","348"
"Behilda","Ghost","![Behilda-menu](https://static.wikia.nocookie.net/nexomon/images/1/1f/Behilda-menu.png/revision/latest/scale-to-width-down/60?cb=20231118133116)","https://nexomon.fandom.com/wiki/Behilda%20%22Behilda%22","349"
"Heddeca","Ghost","![Heddeca-menu](https://static.wikia.nocookie.net/nexomon/images/1/1d/Heddeca-menu.png/revision/latest/scale-to-width-down/60?cb=20231118133345)","https://nexomon.fandom.com/wiki/Heddeca%20%22Heddeca%22","350"
"Noocidal","Ghost","![Noocidal-menu](https://static.wikia.nocookie.net/nexomon/images/e/ee/Noocidal-menu.png/revision/latest/scale-to-width-down/60?cb=20231118133541)","https://nexomon.fandom.com/wiki/Noocidal%20%22Noocidal%22","351"
"Wyverne","Normal","![Wyverne-menu](https://static.wikia.nocookie.net/nexomon/images/b/b2/Wyverne-menu.png/revision/latest/scale-to-width-down/60?cb=20231118133740)","https://nexomon.fandom.com/wiki/Wyverne%20%22Wyverne%22","352"
"Dracon","Fire","![Dracon-menu](https://static.wikia.nocookie.net/nexomon/images/c/ca/Dracon-menu.png/revision/latest/scale-to-width-down/60?cb=20231118134158)","https://nexomon.fandom.com/wiki/Dracon%20%22Dracon%22","353"
"Glamond","Water","![Glamond-menu](https://static.wikia.nocookie.net/nexomon/images/5/57/Glamond-menu.png/revision/latest/scale-to-width-down/60?cb=20231118134441)","https://nexomon.fandom.com/wiki/Glamond%20%22Glamond%22","354"
"Boscage","Plant","![Boscage-menu](https://static.wikia.nocookie.net/nexomon/images/6/61/Boscage-menu.png/revision/latest/scale-to-width-down/60?cb=20231118134717)","https://nexomon.fandom.com/wiki/Boscage%20%22Boscage%22","355"
"Graloon","Mineral","![Graloon-menu](https://static.wikia.nocookie.net/nexomon/images/6/69/Graloon-menu.png/revision/latest/scale-to-width-down/60?cb=20231118134939)","https://nexomon.fandom.com/wiki/Graloon%20%22Graloon%22","356"
"Tyrake","Wind","![Tyrake-menu](https://static.wikia.nocookie.net/nexomon/images/b/b2/Tyrake-menu.png/revision/latest/scale-to-width-down/60?cb=20231118135228)","https://nexomon.fandom.com/wiki/Tyrake%20%22Tyrake%22","357"
"Volta","Electric","![Volta-menu](https://static.wikia.nocookie.net/nexomon/images/1/13/Volta-menu.png/revision/latest/scale-to-width-down/60?cb=20231118135608)","https://nexomon.fandom.com/wiki/Volta%20%22Volta%22","358"
"Mystogen","Psychic","![Mystogen-menu](https://static.wikia.nocookie.net/nexomon/images/2/2b/Mystogen-menu.png/revision/latest/scale-to-width-down/60?cb=20231118140226)","https://nexomon.fandom.com/wiki/Mystogen%20%22Mystogen%22","359"
"Krainnull","Ghost","![Krainnull-menu](https://static.wikia.nocookie.net/nexomon/images/8/8e/Krainnull-menu.png/revision/latest/scale-to-width-down/60?cb=20231118140445)","https://nexomon.fandom.com/wiki/Krainnull%20%22Krainnull%22","360"
"Byeol","Normal","![Byeol-menu](https://static.wikia.nocookie.net/nexomon/images/d/d9/Byeol-menu.png/revision/latest/scale-to-width-down/60?cb=20231118140936)","https://nexomon.fandom.com/wiki/Byeol%20%22Byeol%22","361"
"Mulcimer","Fire","![Mulcimer-menu](https://static.wikia.nocookie.net/nexomon/images/a/a6/Mulcimer-menu.png/revision/latest/scale-to-width-down/60?cb=20231118141928)","https://nexomon.fandom.com/wiki/Mulcimer%20%22Mulcimer%22","362"
"Nivalis","Water","![Nivalis-menu](https://static.wikia.nocookie.net/nexomon/images/7/71/Nivalis-menu.png/revision/latest/scale-to-width-down/60?cb=20231118142246)","https://nexomon.fandom.com/wiki/Nivalis%20%22Nivalis%22","363"
"Tikala","Plant","![Tikala (Extinction)-menu](https://static.wikia.nocookie.net/nexomon/images/5/50/Tikala_%28Extinction%29-menu.png/revision/latest/scale-to-width-down/60?cb=20231118142556)","https://nexomon.fandom.com/wiki/Tikala_/","364"
"Petram","Mineral","![Petram-menu](https://static.wikia.nocookie.net/nexomon/images/3/34/Petram-menu.png/revision/latest/scale-to-width-down/60?cb=20231118143309)","https://nexomon.fandom.com/wiki/Petram%20%22Petram%22","365"
"Eurus","Wind","![Eurus-menu](https://static.wikia.nocookie.net/nexomon/images/b/b3/Eurus-menu.png/revision/latest/scale-to-width-down/60?cb=20231118143935)","https://nexomon.fandom.com/wiki/Eurus%20%22Eurus%22","366"
"Bolzen","Electric","![Bolzen-menu](https://static.wikia.nocookie.net/nexomon/images/d/d7/Bolzen-menu.png/revision/latest/scale-to-width-down/60?cb=20231118144201)","https://nexomon.fandom.com/wiki/Bolzen%20%22Bolzen%22","367"
"Ziegler","Normal","![Ziegler (Extinction)-menu](https://static.wikia.nocookie.net/nexomon/images/0/04/Ziegler_%28Extinction%29-menu.png/revision/latest/scale-to-width-down/60?cb=20231118144432)","https://nexomon.fandom.com/wiki/Ziegler_/","368"
"Fona","Fire","![Fona (Extinction)-menu](https://static.wikia.nocookie.net/nexomon/images/7/7c/Fona_%28Extinction%29-menu.png/revision/latest/scale-to-width-down/60?cb=20231118145313)","https://nexomon.fandom.com/wiki/Fona_/","369"
"Arqua","Water","![Arqua (Extinction)-menu](https://static.wikia.nocookie.net/nexomon/images/2/27/Arqua_%28Extinction%29-menu.png/revision/latest/scale-to-width-down/60?cb=20231118150455)","https://nexomon.fandom.com/wiki/Arqua_/","370"
"Nara","Plant","![Nara (Extinction)-menu](https://static.wikia.nocookie.net/nexomon/images/8/8d/Nara_%28Extinction%29-menu.png/revision/latest/scale-to-width-down/60?cb=20231118150952)","https://nexomon.fandom.com/wiki/Nara_/","371"
"Grunda","Mineral","![Grunda (Extinction)-menu](https://static.wikia.nocookie.net/nexomon/images/a/a8/Grunda_%28Extinction%29-menu.png/revision/latest/scale-to-width-down/60?cb=20231118151357)","https://nexomon.fandom.com/wiki/Grunda_/","372"
"Ventra","Wind","![Ventra (Extinction)-menu](https://static.wikia.nocookie.net/nexomon/images/a/af/Ventra_%28Extinction%29-menu.png/revision/latest/scale-to-width-down/60?cb=20231118153916)","https://nexomon.fandom.com/wiki/Ventra_/","373"
"Luxa","Electric","![Luxa (Extinction)-menu](https://static.wikia.nocookie.net/nexomon/images/4/4b/Luxa_%28Extinction%29-menu.png/revision/latest/scale-to-width-down/60?cb=20231118154225)","https://nexomon.fandom.com/wiki/Luxa_/","374"
"Darine","Psychic","![Darine (Extinction)-menu](https://static.wikia.nocookie.net/nexomon/images/e/e2/Darine_%28Extinction%29-menu.png/revision/latest/scale-to-width-down/60?cb=20231118154604)","https://nexomon.fandom.com/wiki/Darine_/","375"
"Titan","Ghost","![Titan (Extinction)-menu](https://static.wikia.nocookie.net/nexomon/images/d/d3/Titan_%28Extinction%29-menu.png/revision/latest/scale-to-width-down/60?cb=20231118155014)","https://nexomon.fandom.com/wiki/Titan_/","376"
"Fane","Ghost","![Fane-menu](https://static.wikia.nocookie.net/nexomon/images/9/9c/Fane-menu.png/revision/latest/scale-to-width-down/60?cb=20231118155426)","https://nexomon.fandom.com/wiki/Fane%20%22Fane%22","377"
"Protovados","Ghost","![Protovados-menu](https://static.wikia.nocookie.net/nexomon/images/8/8b/Protovados-menu.png/revision/latest/scale-to-width-down/60?cb=20231118160318)","https://nexomon.fandom.com/wiki/Protovados%20%22Protovados%22","378"
"Vados","Ghost","![Vados-menu](https://static.wikia.nocookie.net/nexomon/images/1/1d/Vados-menu.png/revision/latest/scale-to-width-down/60?cb=20231118160731)","https://nexomon.fandom.com/wiki/Vados%20%22Vados%22","379"
"Solus","Psychic","![Solus-menu](https://static.wikia.nocookie.net/nexomon/images/9/9c/Solus-menu.png/revision/latest/scale-to-width-down/60?cb=20231118161100)","https://nexomon.fandom.com/wiki/Solus%20%22Solus%22","380"
"Omnisun","Psychic","![Omnisun-menu](https://static.wikia.nocookie.net/nexomon/images/9/94/Omnisun-menu.png/revision/latest/scale-to-width-down/60?cb=20231118161726)","https://nexomon.fandom.com/wiki/Omnisun%20%22Omnisun%22","381"
"Abbadog","Fire","![Abbadog-menu](https://static.wikia.nocookie.net/nexomon/images/8/8f/Abbadog-menu.png/revision/latest/scale-to-width-down/60?cb=20231118163012)","https://nexomon.fandom.com/wiki/Abbadog%20%22Abbadog%22","382"
"Arctivore","Mineral","![Arctivore (Extinction)-menu](https://static.wikia.nocookie.net/nexomon/images/5/53/Arctivore_%28Extinction%29-menu.png/revision/latest/scale-to-width-down/60?cb=20231118172201)","https://nexomon.fandom.com/wiki/Arctivore_/","383"
"Bogarp","Water","![Bogarp (Extinction)-menu](https://static.wikia.nocookie.net/nexomon/images/7/74/Bogarp_%28Extinction%29-menu.png/revision/latest/scale-to-width-down/60?cb=20231118173430)","https://nexomon.fandom.com/wiki/Bogarp_/","384"
"Broshield","Mineral","![Broshield (Extinction)-menu](https://static.wikia.nocookie.net/nexomon/images/9/99/Broshield_%28Extinction%29-menu.png/revision/latest/scale-to-width-down/60?cb=20231118174806)","https://nexomon.fandom.com/wiki/Broshield_/","385"
"Columbra","Normal","![Columbra (Extinction)-menu](https://static.wikia.nocookie.net/nexomon/images/a/a4/Columbra_%28Extinction%29-menu.png/revision/latest/scale-to-width-down/60?cb=20231118175307)","https://nexomon.fandom.com/wiki/Columbra_/","386"
"Felicient","Normal","![Felicient (Extinction)-menu](https://static.wikia.nocookie.net/nexomon/images/e/e1/Felicient_%28Extinction%29-menu.png/revision/latest/scale-to-width-down/60?cb=20231118175553)","https://nexomon.fandom.com/wiki/Felicient_/","387"
"Ferodile","Water","![Ferodile (Extinction)-menu](https://static.wikia.nocookie.net/nexomon/images/0/02/Ferodile_%28Extinction%29-menu.png/revision/latest/scale-to-width-down/60?cb=20231118175937)","https://nexomon.fandom.com/wiki/Ferodile_/","388"
"Froppe","Normal","![Froppe (Extinction)-menu](https://static.wikia.nocookie.net/nexomon/images/8/8d/Froppe_%28Extinction%29-menu.png/revision/latest/scale-to-width-down/60?cb=20231118180730)","https://nexomon.fandom.com/wiki/Froppe_/","389"
"Hurristag","Normal","![Hurristag (Extinction)-menu](https://static.wikia.nocookie.net/nexomon/images/d/d2/Hurristag_%28Extinction%29-menu.png/revision/latest/scale-to-width-down/60?cb=20231118181022)","https://nexomon.fandom.com/wiki/Hurristag_/","390"
"Kromatice","Wind","![Kromatice (Extinction)-menu](https://static.wikia.nocookie.net/nexomon/images/d/d8/Kromatice_%28Extinction%29-menu.png/revision/latest/scale-to-width-down/60?cb=20231118182328)","https://nexomon.fandom.com/wiki/Kromatice_/","391"
"Lycopain","Plant","![Lycopain (Extinction)-menu](https://static.wikia.nocookie.net/nexomon/images/c/c8/Lycopain_%28Extinction%29-menu.png/revision/latest/scale-to-width-down/60?cb=20231118182708)","https://nexomon.fandom.com/wiki/Lycopain_/","392"
"Mistralion","Wind","![Mistralion (Extinction)-menu](https://static.wikia.nocookie.net/nexomon/images/1/12/Mistralion_%28Extinction%29-menu.png/revision/latest/scale-to-width-down/60?cb=20231118183105)","https://nexomon.fandom.com/wiki/Mistralion_/","393"
"Raamu","Normal","![Raamu (Extinction)-menu](https://static.wikia.nocookie.net/nexomon/images/9/9c/Raamu_%28Extinction%29-menu.png/revision/latest/scale-to-width-down/60?cb=20231118183519)","https://nexomon.fandom.com/wiki/Raamu_/","394"
"Resonect","Electric","![Resonect (Extinction)-menu](https://static.wikia.nocookie.net/nexomon/images/2/22/Resonect_%28Extinction%29-menu.png/revision/latest/scale-to-width-down/60?cb=20231118183804)","https://nexomon.fandom.com/wiki/Resonect_/","395"
"Torrex","Water","![Torrex (Extinction)-menu](https://static.wikia.nocookie.net/nexomon/images/c/ca/Torrex_%28Extinction%29-menu.png/revision/latest/scale-to-width-down/60?cb=20231118184215)","https://nexomon.fandom.com/wiki/Torrex_/","396"
"Trondle","Fire","![Trondle (Extinction)-menu](https://static.wikia.nocookie.net/nexomon/images/b/b1/Trondle_%28Extinction%29-menu.png/revision/latest/scale-to-width-down/60?cb=20231118184547)","https://nexomon.fandom.com/wiki/Trondle_/","397"
"Vaprat","Fire","![Vaprat (Extinction)-menu](https://static.wikia.nocookie.net/nexomon/images/e/ed/Vaprat_%28Extinction%29-menu.png/revision/latest/scale-to-width-down/60?cb=20231118185000)","https://nexomon.fandom.com/wiki/Vaprat_/","398"
"Voltosfere","Electric","![Voltosfere (Extinction)-menu](https://static.wikia.nocookie.net/nexomon/images/8/8c/Voltosfere_%28Extinction%29-menu.png/revision/latest/scale-to-width-down/60?cb=20231118185544)","https://nexomon.fandom.com/wiki/Voltosfere_/","399"
"Weavolt","Electric","![Weavolt (Extinction)-menu](https://static.wikia.nocookie.net/nexomon/images/c/cc/Weavolt_%28Extinction%29-menu.png/revision/latest/scale-to-width-down/60?cb=20231118190300)","https://nexomon.fandom.com/wiki/Weavolt_/","400"
"Wiselie","Wind","![Wiselie (Extinction)-menu](https://static.wikia.nocookie.net/nexomon/images/6/67/Wiselie_%28Extinction%29-menu.png/revision/latest/scale-to-width-down/60?cb=20231118190734)","https://nexomon.fandom.com/wiki/Wiselie_/","401"
"Bedam","Water","![Bedam (Extinction)-menu](https://static.wikia.nocookie.net/nexomon/images/9/9b/Bedam_%28Extinction%29-menu.png/revision/latest/scale-to-width-down/60?cb=20231118191404)","https://nexomon.fandom.com/wiki/Bedam_/","402"
"Carnagrius","Fire","![Carnagrius (Extinction)-menu](https://static.wikia.nocookie.net/nexomon/images/1/18/Carnagrius_%28Extinction%29-menu.png/revision/latest/scale-to-width-down/60?cb=20231118191849)","https://nexomon.fandom.com/wiki/Carnagrius_/","403"
"Prismazor","Plant","![Prismazor (Extinction)-menu](https://static.wikia.nocookie.net/nexomon/images/7/70/Prismazor_%28Extinction%29-menu.png/revision/latest/scale-to-width-down/60?cb=20231118192201)","https://nexomon.fandom.com/wiki/Prismazor_/","404"
"Jeeta","Electric","![Jeeta (Extinction)-menu](https://static.wikia.nocookie.net/nexomon/images/3/3a/Jeeta_%28Extinction%29-menu.png/revision/latest/scale-to-width-down/60?cb=20231118192531)","https://nexomon.fandom.com/wiki/Jeeta_/","405"
"Gemeen","Mineral","![Gemeen (Extinction)-menu](https://static.wikia.nocookie.net/nexomon/images/0/0a/Gemeen_%28Extinction%29-menu.png/revision/latest/scale-to-width-down/60?cb=20231118192847)","https://nexomon.fandom.com/wiki/Gemeen_/","406"
"Maraudin","Wind","![Maraudin-menu](https://static.wikia.nocookie.net/nexomon/images/e/e7/Maraudin-menu.png/revision/latest/scale-to-width-down/60?cb=20231118193239)","https://nexomon.fandom.com/wiki/Maraudin%20%22Maraudin%22","407"
"Tephragon","Fire","![Tephragon (Extinction)-menu](https://static.wikia.nocookie.net/nexomon/images/c/cc/Tephragon_%28Extinction%29-menu.png/revision/latest/scale-to-width-down/60?cb=20231118193632)","https://nexomon.fandom.com/wiki/Tephragon_/","408"
"Frominence","Water","![Frominence-menu](https://static.wikia.nocookie.net/nexomon/images/f/f6/Frominence-menu.png/revision/latest/scale-to-width-down/60?cb=20231118194500)","https://nexomon.fandom.com/wiki/Frominence%20%22Frominence%22","409"
"Mandrass","Plant","![Mandrass (Extinction)-menu](https://static.wikia.nocookie.net/nexomon/images/6/62/Mandrass_%28Extinction%29-menu.png/revision/latest/scale-to-width-down/60?cb=20231118195024)","https://nexomon.fandom.com/wiki/Mandrass_/","410"
"Luhava","Wind","![Luhava (Extinction)-menu](https://static.wikia.nocookie.net/nexomon/images/2/20/Luhava_%28Extinction%29-menu.png/revision/latest/scale-to-width-down/60?cb=20231118195422)","https://nexomon.fandom.com/wiki/Luhava_/","411"
"Hexia","Wind","![Hexia (Extinction)-menu](https://static.wikia.nocookie.net/nexomon/images/7/78/Hexia_%28Extinction%29-menu.png/revision/latest/scale-to-width-down/60?cb=20231118195818)","https://nexomon.fandom.com/wiki/Hexia_/","412"
"Krowr","Electric","![Krowr (Extinction)-menu](https://static.wikia.nocookie.net/nexomon/images/a/ae/Krowr_%28Extinction%29-menu.png/revision/latest/scale-to-width-down/60?cb=20231118200459)","https://nexomon.fandom.com/wiki/Krowr_/","413"
"Ogoon","Fire","![Ogoon (Extinction)-menu](https://static.wikia.nocookie.net/nexomon/images/b/b0/Ogoon_%28Extinction%29-menu.png/revision/latest/scale-to-width-down/60?cb=20231118200820)","https://nexomon.fandom.com/wiki/Ogoon_/","414"
"Agita","Mineral","![Agita-menu](https://static.wikia.nocookie.net/nexomon/images/7/7d/Agita-menu.png/revision/latest/scale-to-width-down/60?cb=20231118201036)","https://nexomon.fandom.com/wiki/Agita%20%22Agita%22","415"
"Anima","Wind","![Anima-menu](https://static.wikia.nocookie.net/nexomon/images/2/22/Anima-menu.png/revision/latest/scale-to-width-down/60?cb=20231118201353)","https://nexomon.fandom.com/wiki/Anima%20%22Anima%22","416"
"Fulmina","Fire","![Fulmina-menu](https://static.wikia.nocookie.net/nexomon/images/1/14/Fulmina-menu.png/revision/latest/scale-to-width-down/60?cb=20231118201614)","https://nexomon.fandom.com/wiki/Fulmina%20%22Fulmina%22","417"
"Gurgita","Water","![Gurgita-menu](https://static.wikia.nocookie.net/nexomon/images/a/a0/Gurgita-menu.png/revision/latest/scale-to-width-down/60?cb=20231118201922)","https://nexomon.fandom.com/wiki/Gurgita%20%22Gurgita%22","418"
"Helovolk","Fire","![Helovolk-menu](https://static.wikia.nocookie.net/nexomon/images/c/cb/Helovolk-menu.png/revision/latest/scale-to-width-down/60?cb=20231118202121)","https://nexomon.fandom.com/wiki/Helovolk%20%22Helovolk%22","419"
"Volcel","Electric","![Volcel-menu](https://static.wikia.nocookie.net/nexomon/images/6/6a/Volcel-menu.png/revision/latest/scale-to-width-down/60?cb=20231118202736)","https://nexomon.fandom.com/wiki/Volcel%20%22Volcel%22","420"
"Caelesa","Normal","![Caelesa-menu](https://static.wikia.nocookie.net/nexomon/images/e/ea/Caelesa-menu.png/revision/latest/scale-to-width-down/60?cb=20231118203335)","https://nexomon.fandom.com/wiki/Caelesa%20%22Caelesa%22","421"
"Pluvean","Water","![Pluvean-menu](https://static.wikia.nocookie.net/nexomon/images/e/eb/Pluvean-menu.png/revision/latest/scale-to-width-down/60?cb=20231118203701)","https://nexomon.fandom.com/wiki/Pluvean%20%22Pluvean%22","422"
"Inominox","Wind","![Inominox-menu](https://static.wikia.nocookie.net/nexomon/images/b/b5/Inominox-menu.png/revision/latest/scale-to-width-down/60?cb=20231118204218)","https://nexomon.fandom.com/wiki/Inominox%20%22Inominox%22","423"
"Rotramus","Plant","![Rotramus-menu](https://static.wikia.nocookie.net/nexomon/images/0/09/Rotramus-menu.png/revision/latest/scale-to-width-down/60?cb=20231118204657)","https://nexomon.fandom.com/wiki/Rotramus%20%22Rotramus%22","424"
"Kroma","Ghost","![Kroma-menu](https://static.wikia.nocookie.net/nexomon/images/e/e3/Kroma-menu.png/revision/latest/scale-to-width-down/60?cb=20231118205013)","https://nexomon.fandom.com/wiki/Kroma%20%22Kroma%22","425"
"Braccus","Mineral","![Braccus-menu](https://static.wikia.nocookie.net/nexomon/images/5/50/Braccus-menu.png/revision/latest/scale-to-width-down/60?cb=20231118205303)","https://nexomon.fandom.com/wiki/Braccus%20%22Braccus%22","426"
"Venefelis","Psychic","![Venefelis-menu](https://static.wikia.nocookie.net/nexomon/images/e/e0/Venefelis-menu.png/revision/latest/scale-to-width-down/60?cb=20231115190159)","https://nexomon.fandom.com/wiki/Venefelis%20%22Venefelis%22","427"